INSERT INTO FM_CD (GRP_ID,CD_ID,CD_DESC,INS_TMS,INS_PGM,INS_ID,INS_IP,UPD_TMS,UPD_PGM,UPD_ID,UPD_IP,ODR) VALUES 
('item_d','dtest1','개발테스트1',TIMESTAMP '2015-12-14 11:45:19.000000',NULL,NULL,NULL,NULL,NULL,NULL,NULL,NULL)
,('item_d','dtest2','개발테스트2',TIMESTAMP '2015-12-14 11:45:47.000000',NULL,NULL,NULL,NULL,NULL,NULL,NULL,NULL)
,('item_s','test1','테스트1',TIMESTAMP '2015-12-14 11:15:07.000000',NULL,NULL,NULL,NULL,NULL,NULL,NULL,0)
,('lang','en','English',TIMESTAMP '2015-05-13 15:53:59.000000',NULL,NULL,NULL,TIMESTAMP '2015-05-13 15:53:59.000000','3','syk','0:0:0:0:0:0:0:1',2)
,('lang','ge','Deutsch',TIMESTAMP '2015-05-13 15:53:59.000000',NULL,NULL,NULL,TIMESTAMP '2015-05-13 15:53:59.000000',NULL,NULL,NULL,NULL)
,('lang','ko','한국어',TIMESTAMP '2015-05-13 15:53:59.000000',NULL,NULL,NULL,TIMESTAMP '2015-05-13 15:53:59.000000','3','syk','0:0:0:0:0:0:0:1',1)
,('sqlCond','eq','조회값과 같은 자료만 조회(=''값'')',TIMESTAMP '2015-05-13 15:53:59.000000',NULL,NULL,NULL,TIMESTAMP '2015-05-13 15:53:59.000000',NULL,NULL,NULL,6)
,('sqlCond','gt','조회값보다 크거나 같은 자료만 조회(>=''값'')',TIMESTAMP '2015-05-13 15:53:59.000000',NULL,NULL,NULL,TIMESTAMP '2015-05-13 15:53:59.000000',NULL,NULL,NULL,5)
,('sqlCond','like','조회값이 포함된 자료만 조회(like ''%값%'')',TIMESTAMP '2015-05-13 15:53:59.000000',NULL,NULL,NULL,TIMESTAMP '2015-05-13 15:53:59.000000',NULL,NULL,NULL,1)
,('sqlCond','like_post','조회값이 뒤에 포함된 자료만 조회(like ''%값'')',TIMESTAMP '2015-05-13 15:53:59.000000',NULL,NULL,NULL,TIMESTAMP '2015-05-13 15:53:59.000000',NULL,NULL,NULL,2)
;
INSERT INTO FM_CD (GRP_ID,CD_ID,CD_DESC,INS_TMS,INS_PGM,INS_ID,INS_IP,UPD_TMS,UPD_PGM,UPD_ID,UPD_IP,ODR) VALUES 
('sqlCond','like_pre','조회값이 앞에 포함된 자료만 조회(like ''값%'')',TIMESTAMP '2015-05-13 15:53:59.000000',NULL,NULL,NULL,TIMESTAMP '2015-05-13 15:53:59.000000',NULL,NULL,NULL,3)
,('sqlCond','lt','조회값보다 작거나 같은 자료만 조회(<=''값'')',TIMESTAMP '2015-05-13 15:53:59.000000',NULL,NULL,NULL,TIMESTAMP '2015-05-13 15:53:59.000000',NULL,NULL,NULL,4)
,('st','0','사용가능',TIMESTAMP '2015-05-19 19:42:27.000000',NULL,NULL,NULL,NULL,NULL,NULL,NULL,NULL)
,('st','1','사용불가',TIMESTAMP '2015-05-19 19:42:42.000000',NULL,NULL,NULL,NULL,NULL,NULL,NULL,NULL)
,('system','0','ntreec',TIMESTAMP '2015-12-01 00:00:00.000000',NULL,NULL,NULL,TIMESTAMP '2015-12-01 00:00:00.000000',NULL,'secrain','192.168.0.1',0)
,('yn','N','아니오',TIMESTAMP '2015-05-13 15:53:59.000000',NULL,NULL,NULL,TIMESTAMP '2015-05-13 15:53:59.000000','3','syk','0:0:0:0:0:0:0:1',2)
,('yn','Y','예',TIMESTAMP '2015-05-13 15:53:59.000000',NULL,NULL,NULL,TIMESTAMP '2015-05-13 15:53:59.000000','3','syk','0:0:0:0:0:0:0:1',1)
,('yn01','0','아니오',TIMESTAMP '2015-05-13 15:53:59.000000',NULL,NULL,NULL,TIMESTAMP '2015-05-13 15:53:59.000000','3','syk','0:0:0:0:0:0:0:1',2)
,('yn01','1','예',TIMESTAMP '2015-05-13 15:53:59.000000',NULL,NULL,NULL,TIMESTAMP '2015-05-13 15:53:59.000000','3','syk','0:0:0:0:0:0:0:1',1)
;INSERT INTO FM_CD_GRP (GRP_ID,GRP_NM,INS_TMS,INS_PGM,INS_ID,INS_IP,UPD_TMS,UPD_PGM,UPD_ID,UPD_IP) VALUES 
('biz','업태코드',TIMESTAMP '2015-12-11 17:47:42.000000',NULL,NULL,NULL,NULL,NULL,NULL,NULL)
,('dt','데이터타입',TIMESTAMP '2015-05-13 15:53:59.000000',NULL,NULL,NULL,TIMESTAMP '2015-05-13 15:53:59.000000','3','syk','0:0:0:0:0:0:0:1')
,('email','이메일 도메인',TIMESTAMP '2015-12-17 17:28:35.000000',NULL,NULL,NULL,NULL,NULL,NULL,NULL)
,('ft','조각종류',TIMESTAMP '2015-05-13 15:53:59.000000',NULL,NULL,NULL,TIMESTAMP '2015-05-13 15:53:59.000000',NULL,NULL,NULL)
,('it','입력방식2',TIMESTAMP '2015-05-13 15:53:59.000000',NULL,NULL,NULL,TIMESTAMP '2015-05-13 15:53:59.000000','table','syk','0:0:0:0:0:0:0:1')
,('item_d','아이템개발',TIMESTAMP '2015-12-14 11:18:45.000000',NULL,NULL,NULL,NULL,NULL,NULL,NULL)
,('item_s','아이템서비스',TIMESTAMP '2015-12-14 11:15:46.000000',NULL,NULL,NULL,NULL,NULL,NULL,NULL)
,('iu','Insert,Update구분',TIMESTAMP '2015-05-13 15:53:59.000000',NULL,NULL,NULL,TIMESTAMP '2015-05-13 15:53:59.000000',NULL,NULL,NULL)
,('lang','언어',TIMESTAMP '2015-05-13 15:53:59.000000',NULL,NULL,NULL,TIMESTAMP '2015-05-13 15:53:59.000000','3','syk','0:0:0:0:0:0:0:1')
,('log_level','로그 레벨',TIMESTAMP '2015-05-13 15:53:59.000000',NULL,NULL,NULL,TIMESTAMP '2015-05-13 15:53:59.000000',NULL,NULL,NULL)
;
INSERT INTO FM_CD_GRP (GRP_ID,GRP_NM,INS_TMS,INS_PGM,INS_ID,INS_IP,UPD_TMS,UPD_PGM,UPD_ID,UPD_IP) VALUES 
('mobile','휴대폰 앞자리',TIMESTAMP '2015-12-16 15:56:09.000000',NULL,NULL,NULL,NULL,NULL,NULL,NULL)
,('notice','공지타입',TIMESTAMP '2016-02-22 10:36:57.000000',NULL,NULL,NULL,NULL,NULL,NULL,NULL)
,('qg','쿼리 자동 생성 종류',TIMESTAMP '2015-05-13 15:53:59.000000',NULL,NULL,NULL,TIMESTAMP '2015-05-13 15:53:59.000000','tmpl','syk','211.51.22.222')
,('qt','쿼리종류',TIMESTAMP '2015-05-13 15:53:59.000000',NULL,NULL,NULL,TIMESTAMP '2015-05-13 15:53:59.000000',NULL,NULL,NULL)
,('system','사용시스템',TIMESTAMP '2015-12-01 00:00:00.000000',NULL,NULL,NULL,TIMESTAMP '2015-12-01 00:00:00.000000',NULL,'secrain','192.168.0.1')
,('tel','일반전화 지역번호',TIMESTAMP '2015-12-16 12:14:34.000000',NULL,NULL,NULL,NULL,NULL,NULL,NULL)
,('yn','YN',TIMESTAMP '2015-05-13 15:53:59.000000',NULL,NULL,NULL,TIMESTAMP '2015-05-13 15:53:59.000000','3','syk','0:0:0:0:0:0:0:1')
,('yn01','YN01',TIMESTAMP '2015-05-13 15:53:59.000000',NULL,NULL,NULL,TIMESTAMP '2015-05-13 15:53:59.000000','3','syk','0:0:0:0:0:0:0:1')
;INSERT INTO FM_CD_NL (GRP_ID,CD_ID,LANG_TYPE,CD_NM,INS_TMS,INS_PGM,INS_ID,INS_IP,UPD_TMS,UPD_PGM,UPD_ID,UPD_IP) VALUES 
('biz','developement','en','Developement',TIMESTAMP '2015-12-11 17:52:56.000000',NULL,NULL,NULL,NULL,NULL,NULL,NULL)
,('biz','developement','ko','개발',TIMESTAMP '2015-12-11 17:52:31.000000',NULL,NULL,NULL,NULL,NULL,NULL,NULL)
,('biz','service','en','Service',TIMESTAMP '2015-12-11 17:48:50.000000',NULL,NULL,NULL,NULL,NULL,NULL,NULL)
,('biz','service','ko','서비스',TIMESTAMP '2015-12-11 17:48:42.000000',NULL,NULL,NULL,NULL,NULL,NULL,NULL)
,('dt','Date','en','Date',TIMESTAMP '2015-05-13 15:53:59.000000','25','syk','0:0:0:0:0:0:0:1',TIMESTAMP '2015-05-13 15:53:59.000000',NULL,NULL,NULL)
,('dt','Date','ko','Date',TIMESTAMP '2015-05-13 15:53:59.000000',NULL,NULL,NULL,TIMESTAMP '2015-05-13 15:53:59.000000','3','syk','0:0:0:0:0:0:0:1')
,('dt','Number','en','Number',TIMESTAMP '2015-05-13 15:53:59.000000','3','syk','0:0:0:0:0:0:0:1',TIMESTAMP '2015-05-13 15:53:59.000000',NULL,NULL,NULL)
,('dt','Number','ko','Number',TIMESTAMP '2015-05-13 15:53:59.000000',NULL,NULL,NULL,TIMESTAMP '2015-05-13 15:53:59.000000',NULL,NULL,NULL)
,('dt','Text','en','Text',TIMESTAMP '2015-05-13 15:53:59.000000','3','syk','0:0:0:0:0:0:0:1',TIMESTAMP '2015-05-13 15:53:59.000000',NULL,NULL,NULL)
,('dt','Text','ko','Text',TIMESTAMP '2015-05-13 15:53:59.000000',NULL,NULL,NULL,TIMESTAMP '2015-05-13 15:53:59.000000',NULL,NULL,NULL)
;
INSERT INTO FM_CD_NL (GRP_ID,CD_ID,LANG_TYPE,CD_NM,INS_TMS,INS_PGM,INS_ID,INS_IP,UPD_TMS,UPD_PGM,UPD_ID,UPD_IP) VALUES 
('email','daum.net','ko','daum.net',TIMESTAMP '2015-12-17 17:34:40.000000',NULL,NULL,NULL,NULL,NULL,NULL,NULL)
,('email','naver.com','ko','naver.com',TIMESTAMP '2015-12-17 17:34:19.000000',NULL,NULL,NULL,NULL,NULL,NULL,NULL)
,('ft','form','ko','form',TIMESTAMP '2015-05-13 15:53:59.000000',NULL,NULL,NULL,TIMESTAMP '2015-05-13 15:53:59.000000',NULL,NULL,NULL)
,('ft','grid','ko','grid',TIMESTAMP '2015-05-13 15:53:59.000000',NULL,NULL,NULL,TIMESTAMP '2015-05-13 15:53:59.000000',NULL,NULL,NULL)
,('it','calendar','en','calendar',TIMESTAMP '2015-05-13 15:53:59.000000','3','syk','0:0:0:0:0:0:0:1',TIMESTAMP '2015-05-13 15:53:59.000000',NULL,NULL,NULL)
,('it','calendar','ko','calendar',TIMESTAMP '2015-05-13 15:53:59.000000',NULL,NULL,NULL,TIMESTAMP '2015-05-13 15:53:59.000000',NULL,NULL,NULL)
,('it','calendarFromTo','ko','calendarFromTo',TIMESTAMP '2015-05-13 15:53:59.000000',NULL,NULL,NULL,TIMESTAMP '2015-05-13 15:53:59.000000',NULL,NULL,NULL)
,('it','editor','ko','editor',TIMESTAMP '2015-05-13 15:53:59.000000',NULL,NULL,NULL,TIMESTAMP '2015-05-13 15:53:59.000000',NULL,NULL,NULL)
,('it','inputFile','ko','file',TIMESTAMP '2015-05-13 15:53:59.000000',NULL,NULL,NULL,TIMESTAMP '2015-05-13 15:53:59.000000',NULL,NULL,NULL)
,('it','inputMask','ko','inputMask',TIMESTAMP '2015-05-13 15:53:59.000000',NULL,NULL,NULL,TIMESTAMP '2015-05-13 15:53:59.000000',NULL,NULL,NULL)
;
INSERT INTO FM_CD_NL (GRP_ID,CD_ID,LANG_TYPE,CD_NM,INS_TMS,INS_PGM,INS_ID,INS_IP,UPD_TMS,UPD_PGM,UPD_ID,UPD_IP) VALUES 
('it','inputText','en','inputText',TIMESTAMP '2015-05-13 15:53:59.000000','25','syk','0:0:0:0:0:0:0:1',TIMESTAMP '2015-05-13 15:53:59.000000',NULL,NULL,NULL)
,('it','inputText','ko','inputText',TIMESTAMP '2015-05-13 15:53:59.000000',NULL,NULL,NULL,TIMESTAMP '2015-05-13 15:53:59.000000',NULL,NULL,NULL)
,('it','inputTextarea','ko','textarea',TIMESTAMP '2015-05-13 15:53:59.000000',NULL,NULL,NULL,TIMESTAMP '2015-05-13 15:53:59.000000',NULL,NULL,NULL)
,('it','outputText','ko','outputText',TIMESTAMP '2015-05-13 15:53:59.000000',NULL,NULL,NULL,TIMESTAMP '2015-05-13 15:53:59.000000',NULL,NULL,NULL)
,('it','popup','ko','popup',TIMESTAMP '2015-05-13 15:53:59.000000',NULL,NULL,NULL,TIMESTAMP '2015-05-13 15:53:59.000000',NULL,NULL,NULL)
,('it','popupSel','ko','PopupSel',TIMESTAMP '2015-05-13 15:53:59.000000',NULL,NULL,NULL,TIMESTAMP '2015-05-13 15:53:59.000000',NULL,NULL,NULL)
,('it','selectMany','ko','selectMany',TIMESTAMP '2015-05-13 15:53:59.000000',NULL,NULL,NULL,TIMESTAMP '2015-05-13 15:53:59.000000',NULL,NULL,NULL)
,('it','selectManyCheckbox','ko','checkbox',TIMESTAMP '2015-05-13 15:53:59.000000',NULL,NULL,NULL,TIMESTAMP '2015-05-13 15:53:59.000000',NULL,NULL,NULL)
,('it','selectOneMenu','ko','select',TIMESTAMP '2015-05-13 15:53:59.000000',NULL,NULL,NULL,TIMESTAMP '2015-05-13 15:53:59.000000',NULL,NULL,NULL)
,('it','selectOneRadio','ko','radio',TIMESTAMP '2015-05-15 15:43:34.000000',NULL,NULL,NULL,NULL,NULL,NULL,NULL)
;
INSERT INTO FM_CD_NL (GRP_ID,CD_ID,LANG_TYPE,CD_NM,INS_TMS,INS_PGM,INS_ID,INS_IP,UPD_TMS,UPD_PGM,UPD_ID,UPD_IP) VALUES 
('it','selectYN','ko','selectYN',TIMESTAMP '2015-05-13 15:53:59.000000',NULL,NULL,NULL,TIMESTAMP '2015-05-13 15:53:59.000000',NULL,NULL,NULL)
,('item_d','dtest1','en','dtest1',TIMESTAMP '2015-12-14 11:17:50.000000',NULL,NULL,NULL,NULL,NULL,NULL,NULL)
,('item_d','dtest1','ko','개발테스트1',TIMESTAMP '2015-12-14 11:17:36.000000',NULL,NULL,NULL,NULL,NULL,NULL,NULL)
,('item_d','dtest2','en','dtest2',TIMESTAMP '2015-12-14 11:18:32.000000',NULL,NULL,NULL,NULL,NULL,NULL,NULL)
,('item_d','dtest2','ko','개발테스트2',TIMESTAMP '2015-12-14 11:18:22.000000',NULL,NULL,NULL,NULL,NULL,NULL,NULL)
,('item_s','test1','en','test1',TIMESTAMP '2015-12-14 11:16:40.000000',NULL,NULL,NULL,NULL,NULL,NULL,NULL)
,('item_s','test1','ko','테스트1',TIMESTAMP '2015-12-14 11:16:28.000000',NULL,NULL,NULL,NULL,NULL,NULL,NULL)
,('item_s','test2','en','test2',TIMESTAMP '2015-12-14 11:17:25.000000',NULL,NULL,NULL,NULL,NULL,NULL,NULL)
,('item_s','test2','ko','테스트2',TIMESTAMP '2015-12-14 11:17:14.000000',NULL,NULL,NULL,NULL,NULL,NULL,NULL)
,('iu','I','ko','insertOnly',TIMESTAMP '2015-05-13 15:53:59.000000',NULL,NULL,NULL,TIMESTAMP '2015-05-13 15:53:59.000000',NULL,NULL,NULL)
;
INSERT INTO FM_CD_NL (GRP_ID,CD_ID,LANG_TYPE,CD_NM,INS_TMS,INS_PGM,INS_ID,INS_IP,UPD_TMS,UPD_PGM,UPD_ID,UPD_IP) VALUES 
('iu','U','ko','updateOnly',TIMESTAMP '2015-05-13 15:53:59.000000',NULL,NULL,NULL,TIMESTAMP '2015-05-13 15:53:59.000000',NULL,NULL,NULL)
,('lang','en','en','English',TIMESTAMP '2015-05-13 15:53:59.000000',NULL,NULL,NULL,TIMESTAMP '2015-05-13 15:53:59.000000',NULL,NULL,NULL)
,('lang','en','ge','Englisch',TIMESTAMP '2015-05-13 15:53:59.000000',NULL,NULL,NULL,TIMESTAMP '2015-05-13 15:53:59.000000',NULL,NULL,NULL)
,('lang','en','ko','영어',TIMESTAMP '2015-05-13 15:53:59.000000',NULL,NULL,NULL,TIMESTAMP '2015-05-13 15:53:59.000000',NULL,NULL,NULL)
,('lang','ge','en','Germany',TIMESTAMP '2015-05-13 15:53:59.000000',NULL,NULL,NULL,TIMESTAMP '2015-05-13 15:53:59.000000',NULL,NULL,NULL)
,('lang','ge','ge','Deutsch',TIMESTAMP '2015-05-13 15:53:59.000000',NULL,NULL,NULL,TIMESTAMP '2015-05-13 15:53:59.000000',NULL,NULL,NULL)
,('lang','ge','ko','독일어',TIMESTAMP '2015-05-13 15:53:59.000000',NULL,NULL,NULL,TIMESTAMP '2015-05-13 15:53:59.000000',NULL,NULL,NULL)
,('lang','ko','en','Korean',TIMESTAMP '2015-05-13 15:53:59.000000',NULL,NULL,NULL,TIMESTAMP '2015-05-13 15:53:59.000000',NULL,NULL,NULL)
,('lang','ko','ge','Koreanisch',TIMESTAMP '2015-05-13 15:53:59.000000',NULL,NULL,NULL,TIMESTAMP '2015-05-13 15:53:59.000000',NULL,NULL,NULL)
,('lang','ko','ko','한국어',TIMESTAMP '2015-05-13 15:53:59.000000',NULL,NULL,NULL,TIMESTAMP '2015-05-13 15:53:59.000000',NULL,NULL,NULL)
;
INSERT INTO FM_CD_NL (GRP_ID,CD_ID,LANG_TYPE,CD_NM,INS_TMS,INS_PGM,INS_ID,INS_IP,UPD_TMS,UPD_PGM,UPD_ID,UPD_IP) VALUES 
('log_level','DEBUG','en','debug',TIMESTAMP '2015-05-13 15:53:59.000000',NULL,NULL,NULL,TIMESTAMP '2015-05-13 15:53:59.000000',NULL,NULL,NULL)
,('log_level','DEBUG','ko','디버그',TIMESTAMP '2015-05-13 15:53:59.000000',NULL,NULL,NULL,TIMESTAMP '2015-05-13 15:53:59.000000',NULL,NULL,NULL)
,('log_level','ERROR','en','error',TIMESTAMP '2015-05-13 15:54:00.000000',NULL,NULL,NULL,TIMESTAMP '2015-05-13 15:54:00.000000',NULL,NULL,NULL)
,('log_level','ERROR','ko','오류',TIMESTAMP '2015-05-13 15:53:59.000000',NULL,NULL,NULL,TIMESTAMP '2015-05-13 15:53:59.000000',NULL,NULL,NULL)
,('log_level','FATAL','en','fatal',TIMESTAMP '2015-05-13 15:54:00.000000',NULL,NULL,NULL,TIMESTAMP '2015-05-13 15:54:00.000000',NULL,NULL,NULL)
,('log_level','FATAL','ko','치명적인 오류',TIMESTAMP '2015-05-13 15:53:59.000000',NULL,NULL,NULL,TIMESTAMP '2015-05-13 15:53:59.000000',NULL,NULL,NULL)
,('log_level','INFO','en','info',TIMESTAMP '2015-05-13 15:53:59.000000',NULL,NULL,NULL,TIMESTAMP '2015-05-13 15:53:59.000000',NULL,NULL,NULL)
,('log_level','INFO','ko','정보',TIMESTAMP '2015-05-13 15:53:59.000000',NULL,NULL,NULL,TIMESTAMP '2015-05-13 15:53:59.000000',NULL,NULL,NULL)
,('log_level','TRACE','en','trace',TIMESTAMP '2015-05-13 15:53:59.000000',NULL,NULL,NULL,TIMESTAMP '2015-05-13 15:53:59.000000',NULL,NULL,NULL)
,('log_level','TRACE','ko','추적',TIMESTAMP '2015-05-13 15:53:59.000000',NULL,NULL,NULL,TIMESTAMP '2015-05-13 15:53:59.000000',NULL,NULL,NULL)
;
INSERT INTO FM_CD_NL (GRP_ID,CD_ID,LANG_TYPE,CD_NM,INS_TMS,INS_PGM,INS_ID,INS_IP,UPD_TMS,UPD_PGM,UPD_ID,UPD_IP) VALUES 
('log_level','WARN','en','warn',TIMESTAMP '2015-05-13 15:53:59.000000',NULL,NULL,NULL,TIMESTAMP '2015-05-13 15:54:00.000000',NULL,NULL,NULL)
,('log_level','WARN','ko','경고',TIMESTAMP '2015-05-13 15:53:59.000000',NULL,NULL,NULL,TIMESTAMP '2015-05-13 15:53:59.000000',NULL,NULL,NULL)
,('mobile','010','ko','010',TIMESTAMP '2015-12-16 15:58:04.000000',NULL,NULL,NULL,NULL,NULL,NULL,NULL)
,('mobile','011','ko','011',TIMESTAMP '2015-12-16 15:58:08.000000',NULL,NULL,NULL,NULL,NULL,NULL,NULL)
,('mobile','0130','ko','0130',TIMESTAMP '2015-12-16 15:58:32.000000',NULL,NULL,NULL,NULL,NULL,NULL,NULL)
,('mobile','016','ko','016',TIMESTAMP '2015-12-16 15:58:13.000000',NULL,NULL,NULL,NULL,NULL,NULL,NULL)
,('mobile','017','ko','017',TIMESTAMP '2015-12-16 15:58:18.000000',NULL,NULL,NULL,NULL,NULL,NULL,NULL)
,('mobile','018','ko','018',TIMESTAMP '2015-12-16 15:58:23.000000',NULL,NULL,NULL,NULL,NULL,NULL,NULL)
,('mobile','019','ko','019',TIMESTAMP '2015-12-16 15:58:27.000000',NULL,NULL,NULL,NULL,NULL,NULL,NULL)
,('notice','TOP','en','Top panel',TIMESTAMP '2016-02-22 10:38:13.000000',NULL,NULL,NULL,NULL,NULL,NULL,NULL)
;
INSERT INTO FM_CD_NL (GRP_ID,CD_ID,LANG_TYPE,CD_NM,INS_TMS,INS_PGM,INS_ID,INS_IP,UPD_TMS,UPD_PGM,UPD_ID,UPD_IP) VALUES 
('notice','TOP','ko','탑공지',TIMESTAMP '2016-02-22 10:37:54.000000',NULL,NULL,NULL,NULL,NULL,NULL,NULL)
,('qg','G','ko','일반',TIMESTAMP '2015-05-13 15:54:00.000000',NULL,NULL,NULL,TIMESTAMP '2015-05-13 15:54:00.000000',NULL,NULL,NULL)
,('qt','delete','ko','delete',TIMESTAMP '2015-05-13 15:54:00.000000',NULL,NULL,NULL,TIMESTAMP '2015-05-13 15:54:00.000000',NULL,NULL,NULL)
,('qt','insert','ko','insert',TIMESTAMP '2015-05-13 15:54:00.000000',NULL,NULL,NULL,TIMESTAMP '2015-05-13 15:54:00.000000',NULL,NULL,NULL)
,('qt','list','ko','list',TIMESTAMP '2015-05-13 15:54:00.000000',NULL,NULL,NULL,TIMESTAMP '2015-05-13 15:54:00.000000',NULL,NULL,NULL)
,('qt','list_count','ko','list_count',TIMESTAMP '2015-05-13 15:54:00.000000',NULL,NULL,NULL,TIMESTAMP '2015-05-13 15:54:00.000000',NULL,NULL,NULL)
,('qt','selectByPrimaryKey','ko','selectByPrimaryKey',TIMESTAMP '2015-05-13 15:54:00.000000',NULL,NULL,NULL,TIMESTAMP '2015-05-13 15:54:00.000000',NULL,NULL,NULL)
,('qt','update','ko','update',TIMESTAMP '2015-05-13 15:54:00.000000',NULL,NULL,NULL,TIMESTAMP '2015-05-13 15:54:00.000000',NULL,NULL,NULL)
,('sqlCond','eq','ko','조회값과 같은 자료만 조회(=''값'')',TIMESTAMP '2015-05-13 15:54:00.000000',NULL,NULL,NULL,TIMESTAMP '2015-05-13 15:54:00.000000',NULL,NULL,NULL)
,('sqlCond','gt','ko','조회값보다 크거나 같은 자료만 조회(>=''값'')',TIMESTAMP '2015-05-13 15:54:00.000000',NULL,NULL,NULL,TIMESTAMP '2015-05-13 15:54:00.000000',NULL,NULL,NULL)
;
INSERT INTO FM_CD_NL (GRP_ID,CD_ID,LANG_TYPE,CD_NM,INS_TMS,INS_PGM,INS_ID,INS_IP,UPD_TMS,UPD_PGM,UPD_ID,UPD_IP) VALUES 
('sqlCond','like','ko','조회값이 포함된 자료만 조회(like ''%값%'')',TIMESTAMP '2015-05-13 15:54:00.000000',NULL,NULL,NULL,TIMESTAMP '2015-05-13 15:54:00.000000',NULL,NULL,NULL)
,('sqlCond','like_post','ko','조회값이 뒤에 포함된 자료만 조회(like ''%값'')',TIMESTAMP '2015-05-13 15:54:00.000000',NULL,NULL,NULL,TIMESTAMP '2015-05-13 15:54:00.000000',NULL,NULL,NULL)
,('sqlCond','like_pre','ko','조회값이 앞에 포함된 자료만 조회(like ''값%'')',TIMESTAMP '2015-05-13 15:54:00.000000',NULL,NULL,NULL,TIMESTAMP '2015-05-13 15:54:00.000000',NULL,NULL,NULL)
,('sqlCond','lt','ko','조회값보다 작거나 같은 자료만 조회(<=''값'')',TIMESTAMP '2015-05-13 15:54:00.000000',NULL,NULL,NULL,TIMESTAMP '2015-05-13 15:54:00.000000',NULL,NULL,NULL)
,('system','0','en','ntreec',TIMESTAMP '2015-12-01 00:00:00.000000',NULL,'secrian','192.168.0.1',TIMESTAMP '2015-12-01 00:00:00.000000',NULL,'secrain','192.168.0.1')
,('system','0','ko','ntreec',TIMESTAMP '2015-12-01 00:00:00.000000',NULL,'secrian','192.168.0.1',TIMESTAMP '2015-12-01 00:00:00.000000',NULL,'secrain','192.168.0.1')
,('tel','02','ko','02',TIMESTAMP '2015-12-16 12:21:09.000000',NULL,NULL,NULL,NULL,NULL,NULL,NULL)
,('tel','0303','ko','0303',TIMESTAMP '2015-12-16 12:21:26.000000',NULL,NULL,NULL,NULL,NULL,NULL,NULL)
,('tel','031','ko','031',TIMESTAMP '2015-12-16 12:21:35.000000',NULL,NULL,NULL,NULL,NULL,NULL,NULL)
,('tel','032','ko','032',TIMESTAMP '2015-12-16 12:21:55.000000',NULL,NULL,NULL,NULL,NULL,NULL,NULL)
;
INSERT INTO FM_CD_NL (GRP_ID,CD_ID,LANG_TYPE,CD_NM,INS_TMS,INS_PGM,INS_ID,INS_IP,UPD_TMS,UPD_PGM,UPD_ID,UPD_IP) VALUES 
('tel','033','ko','033',TIMESTAMP '2015-12-16 12:22:54.000000',NULL,NULL,NULL,NULL,NULL,NULL,NULL)
,('tel','041','ko','041',TIMESTAMP '2015-12-16 12:23:03.000000',NULL,NULL,NULL,NULL,NULL,NULL,NULL)
,('tel','042','ko','042',TIMESTAMP '2015-12-16 12:23:28.000000',NULL,NULL,NULL,NULL,NULL,NULL,NULL)
,('tel','043','ko','043',TIMESTAMP '2015-12-16 12:23:39.000000',NULL,NULL,NULL,NULL,NULL,NULL,NULL)
,('tel','044','ko','044',TIMESTAMP '2015-12-16 12:23:45.000000',NULL,NULL,NULL,NULL,NULL,NULL,NULL)
,('tel','051','ko','051',TIMESTAMP '2015-12-16 12:23:55.000000',NULL,NULL,NULL,NULL,NULL,NULL,NULL)
,('tel','052','ko','052',TIMESTAMP '2015-12-16 12:24:01.000000',NULL,NULL,NULL,NULL,NULL,NULL,NULL)
,('tel','053','ko','053',TIMESTAMP '2015-12-16 12:24:06.000000',NULL,NULL,NULL,NULL,NULL,NULL,NULL)
,('tel','054','ko','054',TIMESTAMP '2015-12-16 12:24:21.000000',NULL,NULL,NULL,NULL,NULL,NULL,NULL)
,('tel','055','ko','055',TIMESTAMP '2015-12-16 12:24:25.000000',NULL,NULL,NULL,NULL,NULL,NULL,NULL)
;
INSERT INTO FM_CD_NL (GRP_ID,CD_ID,LANG_TYPE,CD_NM,INS_TMS,INS_PGM,INS_ID,INS_IP,UPD_TMS,UPD_PGM,UPD_ID,UPD_IP) VALUES 
('tel','061','ko','061',TIMESTAMP '2015-12-16 12:24:40.000000',NULL,NULL,NULL,NULL,NULL,NULL,NULL)
,('tel','062','ko','062',TIMESTAMP '2015-12-16 12:24:54.000000',NULL,NULL,NULL,NULL,NULL,NULL,NULL)
,('tel','063','ko','063',TIMESTAMP '2015-12-16 12:25:05.000000',NULL,NULL,NULL,NULL,NULL,NULL,NULL)
,('tel','064','ko','064',TIMESTAMP '2015-12-16 12:25:15.000000',NULL,NULL,NULL,NULL,NULL,NULL,NULL)
,('tel','070','ko','070',TIMESTAMP '2015-12-16 12:25:26.000000',NULL,NULL,NULL,NULL,NULL,NULL,NULL)
,('tel','080','ko','080',TIMESTAMP '2015-12-16 12:25:39.000000',NULL,NULL,NULL,NULL,NULL,NULL,NULL)
,('ut','C','ko','외부사용자',TIMESTAMP '2015-05-13 15:54:00.000000',NULL,NULL,NULL,TIMESTAMP '2015-05-13 15:54:00.000000',NULL,NULL,NULL)
,('ut','I','ko','내부사용자',TIMESTAMP '2015-05-13 15:54:00.000000',NULL,NULL,NULL,TIMESTAMP '2015-05-13 15:54:00.000000',NULL,NULL,NULL)
,('yn','N','en','NO',TIMESTAMP '2015-05-13 15:54:00.000000',NULL,NULL,NULL,TIMESTAMP '2015-05-13 15:54:00.000000',NULL,NULL,NULL)
,('yn','N','ko','아니오',TIMESTAMP '2015-05-13 15:54:00.000000',NULL,NULL,NULL,TIMESTAMP '2015-05-13 15:54:00.000000',NULL,NULL,NULL)
;
INSERT INTO FM_CD_NL (GRP_ID,CD_ID,LANG_TYPE,CD_NM,INS_TMS,INS_PGM,INS_ID,INS_IP,UPD_TMS,UPD_PGM,UPD_ID,UPD_IP) VALUES 
('yn','Y','en','Yes',TIMESTAMP '2015-05-13 15:54:00.000000',NULL,NULL,NULL,TIMESTAMP '2015-05-13 15:54:00.000000',NULL,NULL,NULL)
,('yn','Y','ko','예',TIMESTAMP '2015-05-13 15:54:00.000000',NULL,NULL,NULL,TIMESTAMP '2015-05-13 15:54:00.000000',NULL,NULL,NULL)
,('yn01','0','ko','아니오',TIMESTAMP '2015-07-14 14:04:44.000000',NULL,NULL,NULL,NULL,NULL,NULL,NULL)
,('yn01','1','ko','예',TIMESTAMP '2015-05-13 15:54:00.000000',NULL,NULL,NULL,TIMESTAMP '2015-05-13 15:54:00.000000',NULL,NULL,NULL)
;INSERT INTO FM_COMPANY (COMP_ID,ADMIN_ID,COMP_KUBUN_CD,COMP_NM,CEO_NM,COMP_REG_NO,COR_NO,BIZ_CD,ITEM_CD,PAY_EMAIL,ZIP_NO,ADDR1,ADDR2,MOBILE_NO,OFFICE_NO,PAY_KUBUN_CD,BANK_CARD_CD,ACC_CARD_NO,ACC_CARD_OWNER,EXPIRE_MM,INS_ID,INS_PGM,INS_IP,INS_TMS,UPD_ID,UPD_PGM,UPD_IP,UPD_TMS,DISCOUNT_RATE) VALUES 
('102216547406718',10,'C','산성전자','테스트','1111111111','1111111111111','b0','i2','gTMlRx0EDOPNOEKvpA==
',NULL,'RbDn0ejFSSwDpZN9CmsV','xGRl+/4=
','xWdmHmxBWKGUJBPy+w==
',NULL,'A','S','xGRnAXBCW6KLOxLz+nj5','111111111111111','201403','10','87','0:0:0:0:0:0:0:1',TIMESTAMP '2016-02-12 14:11:58.000000','0','97','1.220.213.141',TIMESTAMP '2018-08-16 15:56:21.000000',40)
;INSERT INTO FM_DASHBOARD (ITEM_ID,ITEM_NM,ITEM_PATH,ADMIN_YN,SEQ,COL,ADMIN_SEQ) VALUES 
(9,'VM개수 및 비용 현황','dashboard/hynix/countInfo4user.jsp','N',2,4,NULL)
,(14,'결재 현황','dashboard/hynix/req_cnt.jsp','N',1,4,NULL)
,(0,'결재 현황','dashboard/hynix/adm_req_cnt.jsp','Y',-1,4,0)
,(13,'데이터센터 현황','dashboard/hynix/circle_dashborad.jsp','Y',4,6,-1)
,(10,'VM성능','dashboard/hynix/vm_perf_column.jsp','X',4,6,NULL)
,(2,'Datastore disk 사용율','dashboard/ds_pie.jsp','Y',1,6,2)
,(3,'Host성능','dashboard/host_perf_bubble.jsp','Y',3,6,3)
,(4,'VM성능','dashboard/vm_perf_bubble.jsp',NULL,6,6,4)
,(5,'그룹별 서버 개수','dashboard/group_vm_cnt_bar.jsp','Y',6,6,5)
,(6,'경고목록','dashboard/hynix/alarm.jsp',NULL,5,6,1)
;
INSERT INTO FM_DASHBOARD (ITEM_ID,ITEM_NM,ITEM_PATH,ADMIN_YN,SEQ,COL,ADMIN_SEQ) VALUES 
(7,'공지 사항','dashboard/hynix/noti.jsp',NULL,3,4,6)
,(8,'Q&A','dashboard/qna.jsp','Y',7,6,7)
,(11,'기안목록','dashboard/hynix/req.jsp','Y',3,6,NULL)
;INSERT INTO FM_DDIC (DD_ID,DD_NM,DD_VALUE,KO_DD_DESC,EN_DD_DESC,SORT,USE_YN,EXT_DD_ID,INS_TMS,INS_PGM,INS_ID,INS_IP,UPD_TMS,UPD_PGM,UPD_ID,UPD_IP) VALUES 
('PURPOSE','DB','DB','DB','DB',2,'Y',NULL,NULL,NULL,NULL,NULL,NULL,NULL,NULL,NULL)
,('PURPOSE','WAS','WAS','WAS','WAS',1,'Y',NULL,NULL,NULL,NULL,NULL,NULL,NULL,NULL,NULL)
,('PURPOSE','WEB','WEB','WEB','WEB',0,'Y',NULL,NULL,NULL,NULL,NULL,NULL,NULL,NULL,NULL)
,('SCHEDULE_ACTION','스케줄 Action','snapshotCreate','snapshot 생성','snapshot 생성',4,'Y',NULL,TIMESTAMP '2016-02-15 19:19:48.000000',NULL,NULL,NULL,TIMESTAMP '2019-05-08 16:53:44.000000',NULL,NULL,NULL)
,('SCHEDULE_ACTION','스케줄 Action','snapshotDelete','snapshot 제거','snapshot 제거',5,'Y',NULL,TIMESTAMP '2016-02-15 19:19:48.000000',NULL,NULL,NULL,TIMESTAMP '2019-05-08 16:53:44.000000',NULL,NULL,NULL)
,('SCHEDULE_ACTION','스케줄 Action','vmPowerOff','stop','stop',3,'Y',NULL,TIMESTAMP '2016-02-15 19:19:48.000000',NULL,NULL,NULL,TIMESTAMP '2019-05-08 16:53:44.000000',NULL,NULL,NULL)
,('SCHEDULE_ACTION','스케줄 Action','vmPowerOn','start','start',2,'Y',NULL,TIMESTAMP '2016-02-15 19:19:48.000000',NULL,NULL,NULL,TIMESTAMP '2019-05-08 16:53:44.000000',NULL,NULL,NULL)
,('SCHEDULE_ACTION','스케줄 Action','vmReboot','restart','restart',1,'Y',NULL,TIMESTAMP '2016-02-15 19:19:48.000000',NULL,NULL,NULL,TIMESTAMP '2019-05-08 16:53:44.000000',NULL,NULL,NULL)
,('SCHEDULE_CYCLE','스케줄 주기','D','매일','매일',1,'Y',NULL,TIMESTAMP '2016-02-15 19:19:48.000000',NULL,NULL,NULL,TIMESTAMP '2019-05-08 16:53:44.000000',NULL,NULL,NULL)
,('SCHEDULE_CYCLE','스케줄 주기','M','매달','매달',3,'Y',NULL,TIMESTAMP '2016-02-15 19:19:48.000000',NULL,NULL,NULL,TIMESTAMP '2019-05-08 16:53:44.000000',NULL,NULL,NULL)
;
INSERT INTO FM_DDIC (DD_ID,DD_NM,DD_VALUE,KO_DD_DESC,EN_DD_DESC,SORT,USE_YN,EXT_DD_ID,INS_TMS,INS_PGM,INS_ID,INS_IP,UPD_TMS,UPD_PGM,UPD_ID,UPD_IP) VALUES 
('SCHEDULE_CYCLE','스케줄 주기','W','매주','매주',2,'Y',NULL,TIMESTAMP '2016-02-15 19:19:48.000000',NULL,NULL,NULL,TIMESTAMP '2019-05-08 16:53:44.000000',NULL,NULL,NULL)
,('SCHEDULE_SYNC','스케줄 주기/비주기','A','비주기','비주기',2,'Y',NULL,TIMESTAMP '2016-02-15 19:19:48.000000',NULL,NULL,NULL,TIMESTAMP '2019-05-08 16:53:44.000000',NULL,NULL,NULL)
,('SCHEDULE_SYNC','스케줄 주기/비주기','C','입력','입력',1,'Y',NULL,TIMESTAMP '2016-02-15 19:19:48.000000',NULL,NULL,NULL,TIMESTAMP '2019-05-08 16:53:44.000000',NULL,NULL,NULL)
,('SCHEDULE_SYNC','스케줄 주기/비주기','S','주기','주기',1,'Y',NULL,TIMESTAMP '2016-02-15 19:19:48.000000',NULL,NULL,NULL,TIMESTAMP '2019-05-08 16:53:44.000000',NULL,NULL,NULL)
,('APP_KIND','결재상태코드','A','승인','Approve',3,'Y',NULL,TIMESTAMP '2015-12-16 11:59:26.000000',NULL,NULL,NULL,NULL,NULL,NULL,NULL)
,('APP_KIND','결재상태코드','C','취소','Cancel',5,'Y',NULL,TIMESTAMP '2015-12-16 11:59:27.000000',NULL,NULL,NULL,NULL,NULL,NULL,NULL)
,('APP_KIND','결재상태코드','D','반려','Deny',4,'Y',NULL,TIMESTAMP '2015-12-16 11:59:27.000000',NULL,NULL,NULL,NULL,NULL,NULL,NULL)
,('APP_KIND','결재상태코드','R','승인대기','Request',2,'Y',NULL,TIMESTAMP '2015-12-16 11:59:26.000000',NULL,NULL,NULL,NULL,NULL,NULL,NULL)
,('APP_KIND','결재상태코드','W','요청중','Woking',1,'Y',NULL,TIMESTAMP '2015-12-16 11:59:26.000000',NULL,NULL,NULL,NULL,NULL,NULL,NULL)
,('BANK','은행코드','S','신한','Shinhan',0,'Y',NULL,TIMESTAMP '2015-12-22 16:52:45.000000',NULL,NULL,NULL,NULL,NULL,NULL,NULL)
;
INSERT INTO FM_DDIC (DD_ID,DD_NM,DD_VALUE,KO_DD_DESC,EN_DD_DESC,SORT,USE_YN,EXT_DD_ID,INS_TMS,INS_PGM,INS_ID,INS_IP,UPD_TMS,UPD_PGM,UPD_ID,UPD_IP) VALUES 
('CARD','카드코드','S','신한카드','Shinhan Card',0,'Y',NULL,TIMESTAMP '2015-12-22 16:53:03.000000',NULL,NULL,NULL,NULL,NULL,NULL,NULL)
,('CUD','CUD코드','C','생성','Create',1,'Y',NULL,TIMESTAMP '2015-12-16 11:59:26.000000',NULL,NULL,NULL,NULL,NULL,NULL,NULL)
,('CUD','CUD코드','D','삭제','Delete',3,'Y',NULL,TIMESTAMP '2015-12-16 11:59:26.000000',NULL,NULL,NULL,NULL,NULL,NULL,NULL)
,('CUD','CUD코드','U','변경','Update',2,'Y',NULL,TIMESTAMP '2015-12-16 11:59:26.000000',NULL,NULL,NULL,NULL,NULL,NULL,NULL)
,('ETC_SVC','서비스종류','G','템플릿','Imge',4,'Y',NULL,TIMESTAMP '2016-01-08 18:24:28.000000',NULL,NULL,NULL,NULL,NULL,NULL,NULL)
,('ETC_SVC','서비스종류','I','IP','IP',3,'Y',NULL,TIMESTAMP '2016-01-08 18:24:28.000000',NULL,NULL,NULL,NULL,NULL,NULL,NULL)
,('FEE','요금제','D','원/일','￦/Day',2,'Y',NULL,TIMESTAMP '2015-12-29 16:42:37.000000',NULL,NULL,NULL,NULL,NULL,NULL,NULL)
,('FEE','요금제','H','원/시간','￦/Hour',1,'Y',NULL,TIMESTAMP '2015-12-29 16:42:37.000000',NULL,NULL,NULL,NULL,NULL,NULL,NULL)
,('FEE','요금제','M','원/월','￦/Month',3,'Y',NULL,TIMESTAMP '2015-12-29 16:42:37.000000',NULL,NULL,NULL,NULL,NULL,NULL,NULL)
,('FEE_FREE','무료 요금제','F','무료','Free',0,'Y',NULL,TIMESTAMP '2016-01-28 16:27:49.000000',NULL,NULL,NULL,NULL,NULL,NULL,NULL)
;
INSERT INTO FM_DDIC (DD_ID,DD_NM,DD_VALUE,KO_DD_DESC,EN_DD_DESC,SORT,USE_YN,EXT_DD_ID,INS_TMS,INS_PGM,INS_ID,INS_IP,UPD_TMS,UPD_PGM,UPD_ID,UPD_IP) VALUES 
('FEE_TYPE','요금제','D','일일요금제','Day',2,'Y',NULL,TIMESTAMP '2016-01-12 17:53:49.000000',NULL,NULL,NULL,NULL,NULL,NULL,NULL)
,('FEE_TYPE','요금제','H','시간요금제','Hour',1,'Y',NULL,TIMESTAMP '2016-01-12 17:53:54.000000',NULL,NULL,NULL,NULL,NULL,NULL,NULL)
,('FEE_TYPE','요금제','M','월간요금제','Month',3,'Y',NULL,TIMESTAMP '2016-01-12 17:54:28.000000',NULL,NULL,NULL,NULL,NULL,NULL,NULL)
,('FEE_UNIT','요금제 단위','D','일','Day',1,'Y',NULL,TIMESTAMP '2016-02-25 11:31:41.000000',NULL,NULL,NULL,NULL,NULL,NULL,NULL)
,('FEE_UNIT','요금제 단위','H','시간','Hour',0,'Y',NULL,TIMESTAMP '2016-02-25 11:31:23.000000',NULL,NULL,NULL,NULL,NULL,NULL,NULL)
,('FEE_UNIT','요금제 단위','M','월','Month',2,'Y',NULL,TIMESTAMP '2016-02-25 11:32:07.000000',NULL,NULL,NULL,NULL,NULL,NULL,NULL)
,('GOODS_CATEGORY','상품 분류','1','빅데이터','BigData',1,'Y',NULL,TIMESTAMP '2016-01-08 17:52:10.000000',NULL,NULL,NULL,NULL,NULL,NULL,NULL)
,('HV_ETC_PRODUCT_V','VMware 타제품 ','VRA','VRA','VRA',2,'Y',NULL,TIMESTAMP '2018-11-01 16:45:45.478000','66','0','0:0:0:0:0:0:0:1',NULL,NULL,NULL,NULL)
,('HYPERVISOR','Hypervisor코드','V','VMWare','VMWare',1,'Y',NULL,TIMESTAMP '2015-12-16 11:59:26.000000',NULL,NULL,NULL,NULL,NULL,NULL,NULL)
,('INQ','문의종류','ERR','오류','Error',3,'Y',NULL,TIMESTAMP '2016-02-25 11:39:43.000000',NULL,NULL,NULL,NULL,NULL,NULL,NULL)
;
INSERT INTO FM_DDIC (DD_ID,DD_NM,DD_VALUE,KO_DD_DESC,EN_DD_DESC,SORT,USE_YN,EXT_DD_ID,INS_TMS,INS_PGM,INS_ID,INS_IP,UPD_TMS,UPD_PGM,UPD_ID,UPD_IP) VALUES 
('INQ','문의종류','ETC','기타','etc',5,'Y',NULL,TIMESTAMP '2015-12-28 11:04:20.000000',NULL,NULL,NULL,NULL,NULL,NULL,NULL)
,('INQ','문의종류','FAIL','장애','Failure',4,'Y',NULL,TIMESTAMP '2016-02-25 11:39:43.000000',NULL,NULL,NULL,NULL,NULL,NULL,NULL)
,('INQ','문의종류','INQ','문의','inquiry',1,'Y',NULL,TIMESTAMP '2016-02-25 11:39:43.000000',NULL,NULL,NULL,NULL,NULL,NULL,NULL)
,('INQ','문의종류','REQ','요청','Request',2,'Y',NULL,TIMESTAMP '2016-02-25 11:39:43.000000',NULL,NULL,NULL,NULL,NULL,NULL,NULL)
,('PAY_KIND','결제구분','A','계좌이체','account transfer',1,'Y',NULL,TIMESTAMP '2015-12-16 11:59:26.000000',NULL,NULL,NULL,NULL,NULL,NULL,NULL)
,('PAY_KIND','결제구분','C','신용카드','credit card',2,'Y',NULL,TIMESTAMP '2015-12-16 11:59:26.000000',NULL,NULL,NULL,NULL,NULL,NULL,NULL)
,('PAY_YN','납부여부','N','미납','No Pay',0,'Y',NULL,TIMESTAMP '2016-02-13 16:21:55.000000',NULL,NULL,NULL,NULL,NULL,NULL,NULL)
,('PAY_YN','납부여부','Y','납부완료','Paid',0,'Y',NULL,TIMESTAMP '2016-02-13 16:21:34.000000',NULL,NULL,NULL,NULL,NULL,NULL,NULL)
,('PERF_KIND','성능 모니터링 종류','cpu_usage','CPU 사용률(%)','CPU Usage(%)',1,'Y',NULL,TIMESTAMP '2015-12-23 11:15:59.000000',NULL,NULL,NULL,NULL,NULL,NULL,NULL)
,('PERF_KIND','성능 모니터링 종류','cpu_usagemhz','CPU 사용(MHz)','CPU Usage(MHz)',5,'Y',NULL,TIMESTAMP '2015-12-23 11:15:59.000000',NULL,NULL,NULL,NULL,NULL,NULL,NULL)
;
INSERT INTO FM_DDIC (DD_ID,DD_NM,DD_VALUE,KO_DD_DESC,EN_DD_DESC,SORT,USE_YN,EXT_DD_ID,INS_TMS,INS_PGM,INS_ID,INS_IP,UPD_TMS,UPD_PGM,UPD_ID,UPD_IP) VALUES 
('PERF_KIND','성능 모니터링 종류','disk_capacity','총 용량(KB)','Disk Capacity(KB)',8,'Y',NULL,TIMESTAMP '2015-12-23 11:15:59.000000',NULL,NULL,NULL,NULL,NULL,NULL,NULL)
,('PERF_KIND','성능 모니터링 종류','disk_usage','디스크 사용(KB/초)','Disk Usage(KB/s)',3,'Y',NULL,TIMESTAMP '2015-12-23 11:15:59.000000',NULL,NULL,NULL,NULL,NULL,NULL,NULL)
,('PERF_KIND','성능 모니터링 종류','disk_used','사용 용량(KB)','Disk Used(KB)',7,'Y',NULL,TIMESTAMP '2015-12-23 11:15:59.000000',NULL,NULL,NULL,NULL,NULL,NULL,NULL)
,('PERF_KIND','성능 모니터링 종류','mem_consumed','사용한 호스트 물리적 메모리 양(KB)','Memory Consumed(KB)',6,'Y',NULL,TIMESTAMP '2015-12-23 11:15:59.000000',NULL,NULL,NULL,NULL,NULL,NULL,NULL)
,('PERF_KIND','성능 모니터링 종류','mem_usage','메모리 사용률(%)','Memory Usage(%)',2,'Y',NULL,TIMESTAMP '2015-12-23 11:15:59.000000',NULL,NULL,NULL,NULL,NULL,NULL,NULL)
,('PERF_KIND','성능 모니터링 종류','net_usage','네트워크 활용량(KB/초)','Network Usage(KB/s)',4,'Y',NULL,TIMESTAMP '2015-12-23 11:15:59.000000',NULL,NULL,NULL,NULL,NULL,NULL,NULL)
,('PERF_TERM','성능 모니터링 주기','1d','1일','1Day',2,'Y',NULL,TIMESTAMP '2015-12-23 11:15:59.000000',NULL,NULL,NULL,NULL,NULL,NULL,NULL)
,('PERF_TERM','성능 모니터링 주기','1h','1시간','1Hour',1,'Y',NULL,TIMESTAMP '2015-12-23 11:15:59.000000',NULL,NULL,NULL,NULL,NULL,NULL,NULL)
,('PERF_TERM','성능 모니터링 주기','1m','1달','1Month',4,'Y',NULL,TIMESTAMP '2015-12-23 11:15:59.000000',NULL,NULL,NULL,NULL,NULL,NULL,NULL)
,('PERF_TERM','성능 모니터링 주기','1w','1주일','1Week',3,'Y',NULL,TIMESTAMP '2015-12-23 11:15:59.000000',NULL,NULL,NULL,NULL,NULL,NULL,NULL)
;
INSERT INTO FM_DDIC (DD_ID,DD_NM,DD_VALUE,KO_DD_DESC,EN_DD_DESC,SORT,USE_YN,EXT_DD_ID,INS_TMS,INS_PGM,INS_ID,INS_IP,UPD_TMS,UPD_PGM,UPD_ID,UPD_IP) VALUES 
('PERF_TERM','성능 모니터링 주기','1y','1년','1Year',5,'Y',NULL,TIMESTAMP '2015-12-23 11:15:59.000000',NULL,NULL,NULL,NULL,NULL,NULL,NULL)
,('PERF_TERM1','성능 모니터링 주기(1시간 제외)','1d','1일','1Day',2,'Y',NULL,TIMESTAMP '2016-01-22 14:39:20.000000',NULL,NULL,NULL,NULL,NULL,NULL,NULL)
,('PERF_TERM1','성능 모니터링 주기(1시간 제외)','1m','1달','1Month',4,'Y',NULL,TIMESTAMP '2016-01-22 14:39:20.000000',NULL,NULL,NULL,NULL,NULL,NULL,NULL)
,('PERF_TERM1','성능 모니터링 주기(1시간 제외)','1w','1주일','1Week',3,'Y',NULL,TIMESTAMP '2016-01-22 14:39:20.000000',NULL,NULL,NULL,NULL,NULL,NULL,NULL)
,('PERF_TERM1','성능 모니터링 주기(1시간 제외)','1y','1년','1Year',5,'Y',NULL,TIMESTAMP '2016-01-22 14:39:21.000000',NULL,NULL,NULL,NULL,NULL,NULL,NULL)
,('PROTOCOL','프로토콜','ICAMP','ICAMP','ICAMP',3,'Y',NULL,TIMESTAMP '2015-12-16 11:59:26.000000',NULL,NULL,NULL,NULL,NULL,NULL,NULL)
,('PROTOCOL','프로토콜','TCP','TCP','TCP',1,'Y',NULL,TIMESTAMP '2015-12-16 11:59:26.000000',NULL,NULL,NULL,NULL,NULL,NULL,NULL)
,('PROTOCOL','프로토콜','UDP','UDP','UDP',2,'Y',NULL,TIMESTAMP '2015-12-16 11:59:26.000000',NULL,NULL,NULL,NULL,NULL,NULL,NULL)
,('PROTOCOL1','프로토콜','TCP','TCP','TCP',1,'Y',NULL,TIMESTAMP '2016-02-16 13:44:55.000000',NULL,NULL,NULL,NULL,NULL,NULL,NULL)
,('PROTOCOL1','프로토콜','UDP','UDP','UDP',2,'Y',NULL,TIMESTAMP '2016-02-16 13:44:55.000000',NULL,NULL,NULL,NULL,NULL,NULL,NULL)
;
INSERT INTO FM_DDIC (DD_ID,DD_NM,DD_VALUE,KO_DD_DESC,EN_DD_DESC,SORT,USE_YN,EXT_DD_ID,INS_TMS,INS_PGM,INS_ID,INS_IP,UPD_TMS,UPD_PGM,UPD_ID,UPD_IP) VALUES 
('RUN_CD','서버 상태','F','생성 실패','Fail',2,'Y',NULL,TIMESTAMP '2016-01-11 17:33:03.000000',NULL,NULL,NULL,NULL,NULL,NULL,NULL)
,('RUN_CD','서버 상태','R','시작','Run',3,'Y',NULL,TIMESTAMP '2016-01-11 17:33:03.000000',NULL,NULL,NULL,NULL,NULL,NULL,NULL)
,('RUN_CD','서버 상태','S','정지','Stop',4,'Y',NULL,TIMESTAMP '2016-01-11 17:33:03.000000',NULL,NULL,NULL,NULL,NULL,NULL,NULL)
,('RUN_CD','서버 상태','W','생성중','InProgress',1,'Y',NULL,TIMESTAMP '2016-01-11 17:33:02.000000',NULL,NULL,NULL,NULL,NULL,NULL,NULL)
,('SVC','서비스종류','A','NAT','NAT',9,'N',NULL,TIMESTAMP '2016-02-15 19:19:48.000000',NULL,NULL,NULL,NULL,NULL,NULL,NULL)
,('SVC','서비스종류','B','상품구매','Buy Goods',7,'N',NULL,TIMESTAMP '2015-12-16 12:11:28.000000',NULL,NULL,NULL,NULL,NULL,NULL,NULL)
,('SVC','서비스종류','C','패키지서버','Server',1,'Y',NULL,TIMESTAMP '2015-12-16 12:07:26.000000',NULL,NULL,NULL,NULL,NULL,NULL,NULL)
,('SVC','서비스종류','D','디스크','Disk',2,'N',NULL,TIMESTAMP '2015-12-16 12:07:26.000000',NULL,NULL,NULL,NULL,NULL,NULL,NULL)
,('SVC','서비스종류','F','접근제어','Firewall',5,'Y',NULL,TIMESTAMP '2015-12-16 12:07:26.000000',NULL,NULL,NULL,NULL,NULL,NULL,NULL)
,('SVC','서비스종류','G','템플릿','Imge',4,'Y',NULL,TIMESTAMP '2015-12-16 12:07:26.000000',NULL,NULL,NULL,NULL,NULL,NULL,NULL)
;
INSERT INTO FM_DDIC (DD_ID,DD_NM,DD_VALUE,KO_DD_DESC,EN_DD_DESC,SORT,USE_YN,EXT_DD_ID,INS_TMS,INS_PGM,INS_ID,INS_IP,UPD_TMS,UPD_PGM,UPD_ID,UPD_IP) VALUES 
('SVC','서비스종류','I','IP','IP',3,'N',NULL,TIMESTAMP '2015-12-16 12:07:26.000000',NULL,NULL,NULL,NULL,NULL,NULL,NULL)
,('SVC','서비스종류','N','네트워크 연결','Network Connection',8,'N',NULL,TIMESTAMP '2016-01-14 10:38:02.000000',NULL,NULL,NULL,NULL,NULL,NULL,NULL)
,('SVC','서비스종류','S','단일서버','Server',1,'Y',NULL,TIMESTAMP '2015-12-16 12:07:26.000000',NULL,NULL,NULL,NULL,NULL,NULL,NULL)
,('TASK_CD','작업종류','A','NAT','NAT',9,'Y',NULL,TIMESTAMP '2016-02-15 19:19:48.000000',NULL,NULL,NULL,NULL,NULL,NULL,NULL)
,('TASK_CD','작업종류','C','서버배포','Catalog',10,'Y',NULL,TIMESTAMP '2016-01-27 16:38:16.000000',NULL,NULL,NULL,NULL,NULL,NULL,NULL)
,('TASK_CD','작업종류','D','디스크 생성','Disk',2,'Y',NULL,TIMESTAMP '2016-01-27 16:38:16.000000',NULL,NULL,NULL,NULL,NULL,NULL,NULL)
,('TASK_CD','작업종류','F','접근제어','Firewall',7,'Y',NULL,TIMESTAMP '2016-02-05 10:52:06.000000',NULL,NULL,NULL,NULL,NULL,NULL,NULL)
,('TASK_CD','작업종류','G','템플릿 생성','Imge',4,'Y',NULL,TIMESTAMP '2016-01-27 16:38:16.000000',NULL,NULL,NULL,NULL,NULL,NULL,NULL)
,('TASK_CD','작업종류','I','IP','IP',6,'Y',NULL,TIMESTAMP '2016-02-05 10:52:06.000000',NULL,NULL,NULL,NULL,NULL,NULL,NULL)
,('TASK_CD','작업종류','N','네트웍 연결','Network Connection',8,'Y',NULL,TIMESTAMP '2016-02-05 10:55:03.000000',NULL,NULL,NULL,NULL,NULL,NULL,NULL)
;
INSERT INTO FM_DDIC (DD_ID,DD_NM,DD_VALUE,KO_DD_DESC,EN_DD_DESC,SORT,USE_YN,EXT_DD_ID,INS_TMS,INS_PGM,INS_ID,INS_IP,UPD_TMS,UPD_PGM,UPD_ID,UPD_IP) VALUES 
('TASK_CD','작업종류','R','VM 복구','Revert VM',4,'Y',NULL,TIMESTAMP '2016-01-27 16:38:16.000000',NULL,NULL,NULL,NULL,NULL,NULL,NULL)
,('TASK_CD','작업종류','S','단일서버 생성','Server',1,'Y',NULL,TIMESTAMP '2016-01-27 16:38:16.000000',NULL,NULL,NULL,NULL,NULL,NULL,NULL)
,('TASK_CD','작업종류','T','스냅샷 생성','Snapshot',3,'Y',NULL,TIMESTAMP '2016-01-27 16:38:16.000000',NULL,NULL,NULL,NULL,NULL,NULL,NULL)
,('TASK_STATUS_CD','실행상태','D','거부','Deny',1,'Y',NULL,TIMESTAMP '2016-01-25 14:09:42.000000',NULL,NULL,NULL,TIMESTAMP '2018-11-09 10:12:26.631000','66','0','0:0:0:0:0:0:0:1')
,('TASK_STATUS_CD','실행상태','F','실패','Fail',3,'Y',NULL,TIMESTAMP '2016-01-25 14:09:43.000000',NULL,NULL,NULL,NULL,NULL,NULL,NULL)
,('TASK_STATUS_CD','실행상태','S','완료','Success',2,'Y',NULL,TIMESTAMP '2016-01-25 14:09:42.000000',NULL,NULL,NULL,NULL,NULL,NULL,NULL)
,('TASK_STATUS_CD','실행상태','W','반영전','Processing',1,'Y',NULL,TIMESTAMP '2016-01-25 14:09:42.000000',NULL,NULL,NULL,TIMESTAMP '2018-11-09 10:12:26.631000','66','0','0:0:0:0:0:0:0:1')
,('TASK_STATUS_CD1','실행상태','F','작업거부','Success',2,'Y',NULL,TIMESTAMP '2016-01-25 14:09:42.000000',NULL,NULL,NULL,NULL,NULL,NULL,NULL)
,('TASK_STATUS_CD1','실행상태','S','작업완료','Success',2,'Y',NULL,TIMESTAMP '2016-01-25 14:09:42.000000',NULL,NULL,NULL,NULL,NULL,NULL,NULL)
,('TASK_STATUS_CD1','실행상태','W','작업전','Processing',1,'Y',NULL,TIMESTAMP '2016-01-25 14:09:42.000000',NULL,NULL,NULL,NULL,NULL,NULL,NULL)
;
INSERT INTO FM_DDIC (DD_ID,DD_NM,DD_VALUE,KO_DD_DESC,EN_DD_DESC,SORT,USE_YN,EXT_DD_ID,INS_TMS,INS_PGM,INS_ID,INS_IP,UPD_TMS,UPD_PGM,UPD_ID,UPD_IP) VALUES 
('USER_TYPE','권한','16','조직관리자','조직관리자',2,'N',NULL,TIMESTAMP '2018-09-17 18:15:48.868000','66','0','0:0:0:0:0:0:0:1',NULL,NULL,NULL,NULL)
,('USER_TYPE','권한','18','그룹멤버','그룹멤버',1,'Y',NULL,TIMESTAMP '2018-09-17 18:26:13.776000','66','0','0:0:0:0:0:0:0:1',NULL,NULL,NULL,NULL)
,('USER_TYPE','권한','19','포탈관리자','포탈관리자',3,'Y',NULL,TIMESTAMP '2018-09-17 18:14:05.739000','66','0','0:0:0:0:0:0:0:1',NULL,NULL,NULL,NULL)
,('USER_TYPE','권한','21','그룹관리자','그룹관리자',2,'Y',NULL,TIMESTAMP '2018-09-17 18:15:48.868000','66','0','0:0:0:0:0:0:0:1',NULL,NULL,NULL,NULL)
,('TARGET_TYPE','대상종류','DS','DS','DS',NULL,'Y',NULL,NULL,NULL,NULL,NULL,NULL,NULL,NULL,NULL)
,('TARGET_TYPE','대상종류','HOST','HOST','HOST',NULL,'Y',NULL,NULL,NULL,NULL,NULL,NULL,NULL,NULL,NULL)
,('TARGET_TYPE','대상종류','VM','VM','VM',NULL,'Y',NULL,NULL,NULL,NULL,NULL,NULL,NULL,NULL,NULL)
,('OVERALLSTATUS','유형','RED','RED','RED',NULL,'Y',NULL,NULL,NULL,NULL,NULL,NULL,NULL,NULL,NULL)
,('OVERALLSTATUS','유형','GREEN','GREEN','GREEN',NULL,'Y',NULL,NULL,NULL,NULL,NULL,NULL,NULL,NULL,NULL)
,('OVERALLSTATUS','유형','YELLOW','YELLOW','YELLOW',NULL,'Y',NULL,NULL,NULL,NULL,NULL,NULL,NULL,NULL,NULL)
;
INSERT INTO FM_DDIC (DD_ID,DD_NM,DD_VALUE,KO_DD_DESC,EN_DD_DESC,SORT,USE_YN,EXT_DD_ID,INS_TMS,INS_PGM,INS_ID,INS_IP,UPD_TMS,UPD_PGM,UPD_ID,UPD_IP) VALUES 
('ENV','환경셋팅','schedule_svr','main','스케쥴실행서버',1,'Y',NULL,TIMESTAMP '2018-09-17 18:15:48.868000','66','0','0:0:0:0:0:0:0:1',NULL,NULL,NULL,NULL)
,('RUN_CD','서버 상태','C','요청중','Requested',5,'Y',NULL,TIMESTAMP '2019-01-15 15:42:40.000000',NULL,NULL,NULL,NULL,NULL,NULL,NULL)
,('IP_STATUS','IP상태','U','사용중','사용중',2,'Y',NULL,TIMESTAMP '2018-09-17 18:15:48.868000','66','0','0:0:0:0:0:0:0:1',NULL,NULL,NULL,NULL)
,('IP_STATUS','IP상태','V','사용불가','사용불가',2,'Y',NULL,TIMESTAMP '2018-09-17 18:15:48.868000','66','0','0:0:0:0:0:0:0:1',NULL,NULL,NULL,NULL)
,('IP_STATUS','IP상태','N','미사용','미사용',2,'Y',NULL,TIMESTAMP '2018-09-17 18:15:48.868000','66','0','0:0:0:0:0:0:0:1',NULL,NULL,NULL,NULL)
,('IP_STATUS','IP상태','R','예약','예약',2,'Y',NULL,TIMESTAMP '2018-09-17 18:15:48.868000','66','0','0:0:0:0:0:0:0:1',NULL,NULL,NULL,NULL)
,('ENV','환경셋팅','use_vm.cpu_min','1','장기미사용서버:최소 CPU 사용율(%)',2,'Y',NULL,TIMESTAMP '2018-09-17 18:15:48.868000','66','0','0:0:0:0:0:0:0:1',NULL,NULL,NULL,NULL)
,('ENV','환경셋팅','use_vm.net_min','0','장기미사용서버:최소 네트웍 사용량(kbps)',3,'Y',NULL,TIMESTAMP '2018-09-17 18:15:48.868000','66','0','0:0:0:0:0:0:0:1',NULL,NULL,NULL,NULL)
,('ENV','환경셋팅','use_vm.max_not_use_day','11','장기미사용서버:기준(일)',4,'Y',NULL,TIMESTAMP '2018-09-17 18:15:48.868000','66','0','0:0:0:0:0:0:0:1',NULL,NULL,NULL,NULL)
,('P_KUBUN','개발양산','D','개발','D',1,'Y',NULL,TIMESTAMP '2015-12-16 11:59:27.000000',NULL,NULL,NULL,NULL,NULL,NULL,NULL)
;
INSERT INTO FM_DDIC (DD_ID,DD_NM,DD_VALUE,KO_DD_DESC,EN_DD_DESC,SORT,USE_YN,EXT_DD_ID,INS_TMS,INS_PGM,INS_ID,INS_IP,UPD_TMS,UPD_PGM,UPD_ID,UPD_IP) VALUES 
('P_KUBUN','개발양산','P','운영','P',1,'Y',NULL,TIMESTAMP '2015-12-16 11:59:27.000000',NULL,NULL,NULL,NULL,NULL,NULL,NULL)
,('RSV_IP','IP','127.0.0.1','test1',NULL,0,'Y',NULL,TIMESTAMP '2019-02-07 10:32:08.750000','1','0','0:0:0:0:0:0:0:1',TIMESTAMP '2019-02-07 10:32:24.903000','1','0','0:0:0:0:0:0:0:1')
,('RSV_IP','IP','127.123.543.1','testes',NULL,1,'Y',NULL,TIMESTAMP '2019-02-07 10:34:10.533000','1','0','0:0:0:0:0:0:0:1',NULL,NULL,NULL,NULL)
,('ETC_SVC','기타요금','C','CPU','CPU',2,'Y',NULL,TIMESTAMP '2016-02-15 19:19:48.000000',NULL,NULL,NULL,TIMESTAMP '2019-04-17 15:11:29.364000','1','0','0:0:0:0:0:0:0:1')
,('ETC_SVC','기타요금','M','Memory(GB)','Memory(GB)',3,'Y',NULL,TIMESTAMP '2016-02-15 19:19:48.000000',NULL,NULL,NULL,TIMESTAMP '2019-04-17 15:11:37.112000','1','0','0:0:0:0:0:0:0:1')
,('C_P_KUBUN','개발양산','D','개발','Develop',1,'Y','CM',NULL,NULL,NULL,NULL,NULL,NULL,NULL,NULL)
,('C_P_KUBUN','개발양산','P','운영','Production',0,'Y','CM',NULL,NULL,NULL,NULL,NULL,NULL,NULL,NULL)
;INSERT INTO FM_MENU (ID,PRGM_ID,MENU_NM,PARENT_ID,THEME,MENU_DESC,MENU_ORDER,USE_YN,ICON,INS_TMS,INS_PGM,INS_ID,INS_IP,UPD_TMS,UPD_PGM,UPD_ID,UPD_IP,IS_POPUP,MENU_NM_EN) VALUES 
(161,165,'Application 관리',88,NULL,NULL,5,'Y',NULL,NULL,NULL,NULL,NULL,TIMESTAMP '2019-11-22 17:57:03.384335','1','0','0:0:0:0:0:0:0:1',NULL,NULL)
,(163,167,'Shell관리',88,NULL,'설치에 필요한 shell 파일을 git에 넣어 관리합니다.',10,'Y',NULL,NULL,NULL,NULL,NULL,NULL,NULL,NULL,NULL,'N',NULL)
,(1,0,'Root',0,NULL,'최상위 메뉴',0,'Y',NULL,TIMESTAMP '2015-05-13 15:54:03.000000',NULL,NULL,NULL,TIMESTAMP '2016-01-28 17:41:16.000000','10','0','0:0:0:0:0:0:0:1','N','ROOT')
,(2,0,'포탈 관리',28,NULL,'시스템, 클라우드정보, 사용자를 관리합니다.',0,'Y','ui-icon-portal',TIMESTAMP '2015-05-13 15:54:03.000000',NULL,NULL,NULL,TIMESTAMP '2018-10-31 15:43:10.000000','10','0','106.241.16.118','N','nTree-C Mngt.')
,(149,156,'IP 대역 관리',88,NULL,'데이터센터의 IP 대역을 관리합니다.',11,'N',NULL,TIMESTAMP '2019-04-02 11:23:40.243000','1','0','0:0:0:0:0:0:0:1',TIMESTAMP '2019-11-22 17:56:48.713468','1','0','0:0:0:0:0:0:0:1','N',NULL)
,(153,160,'환경설정',145,NULL,'시스템 환경설정을 변경합니다.',0,'Y',NULL,TIMESTAMP '2019-04-30 10:47:01.086000','1','0','0:0:0:0:0:0:0:1',NULL,NULL,NULL,NULL,'N',NULL)
,(17,10,'메뉴관리',145,NULL,'관자자가 메뉴를 설정 합니다',5,'Y',NULL,TIMESTAMP '2015-05-13 15:54:03.000000',NULL,NULL,NULL,TIMESTAMP '2016-02-02 14:58:02.000000','10','0','0:0:0:0:0:0:0:1','N','Menu Mngt.')
,(19,37,'접속로그조회',145,NULL,'사용자의 서버 접속 기록을 조회합니다. ',2,'Y',NULL,TIMESTAMP '2015-05-13 15:54:03.000000',NULL,NULL,NULL,TIMESTAMP '2019-01-15 20:07:53.847646','1','0','0:0:0:0:0:0:0:1','N','ConnectLog')
,(20,42,'프로그램사용빈도조회',145,NULL,'프로그램 사용빈도',4,'Y',NULL,TIMESTAMP '2015-05-13 15:54:03.000000',NULL,NULL,NULL,TIMESTAMP '2019-01-15 20:08:01.729203','1','0','0:0:0:0:0:0:0:1','N','Program Statistics')
,(28,0,'홈',1,NULL,'사용자',0,'Y','ui-icon-ntreec-user',TIMESTAMP '2015-05-13 15:54:03.000000',NULL,NULL,NULL,TIMESTAMP '2018-08-16 18:06:44.000000','10','0','1.220.213.141','N','User info')
;
INSERT INTO FM_MENU (ID,PRGM_ID,MENU_NM,PARENT_ID,THEME,MENU_DESC,MENU_ORDER,USE_YN,ICON,INS_TMS,INS_PGM,INS_ID,INS_IP,UPD_TMS,UPD_PGM,UPD_ID,UPD_IP,IS_POPUP,MENU_NM_EN) VALUES 
(35,66,'코드관리',145,NULL,'코드관리',1,'Y',NULL,TIMESTAMP '2015-05-13 15:54:03.000000','10','syk','0:0:0:0:0:0:0:1',TIMESTAMP '2016-02-02 14:57:20.000000','10','0','0:0:0:0:0:0:0:1','N','Code Mngt.')
,(63,0,'게시물',28,NULL,'게시물',11,'Y','ui-icon-noti',TIMESTAMP '2015-05-22 13:57:29.000000','menu','autolink','0:0:0:0:0:0:0:1',TIMESTAMP '2018-11-16 11:21:04.000000','10','0','0:0:0:0:0:0:0:1','N','Notice')
,(64,46,'공지사항',63,NULL,'공지사항을 조회합니다.',0,'Y',NULL,TIMESTAMP '2015-05-22 15:55:05.000000','menu','autolink','0:0:0:0:0:0:0:1',TIMESTAMP '2016-02-04 14:52:46.000000','10','0','127.0.0.1','N','Notice')
,(65,96,'Q&A 답변',63,NULL,'1:1 문의',1,'N',NULL,TIMESTAMP '2015-05-27 18:17:09.000000','menu','autolink','0:0:0:0:0:0:0:1',TIMESTAMP '2019-01-16 17:41:30.434245','1','0','0:0:0:0:0:0:0:1','N','1:1 Q&A')
,(69,0,'서버',28,NULL,'클라우드 서버',1,'N','ui-icon-cloud',TIMESTAMP '2015-12-17 16:56:24.000000','10','0','0:0:0:0:0:0:0:1',TIMESTAMP '2019-11-22 17:59:30.749500','1','0','0:0:0:0:0:0:0:1','N','Resources')
,(70,88,'단일 서버',69,NULL,'서버 상태 및 정보를 조회합니다.',0,'N',NULL,TIMESTAMP '2015-12-17 16:57:07.000000','10','0','0:0:0:0:0:0:0:1',TIMESTAMP '2019-11-22 17:51:40.843946','1','0','0:0:0:0:0:0:0:1','N','Servers')
,(74,124,'월별서버사용',116,NULL,'요금 및 이용내역',4,'N',NULL,TIMESTAMP '2015-12-18 10:46:30.000000','89','0','0:0:0:0:0:0:0:1',TIMESTAMP '2018-10-25 16:02:33.000000','10','0','0:0:0:0:0:0:0:1','N','요금 및 이용내역')
,(75,94,'Q&A',63,NULL,'나의 문의 내역',5,'Y',NULL,TIMESTAMP '2015-12-18 10:46:48.000000','89','0','0:0:0:0:0:0:0:1',TIMESTAMP '2018-11-08 17:50:42.000000','10','0','0:0:0:0:0:0:0:1','N','Q&A')
,(76,90,'디스크',69,NULL,'디스크',1,'N',NULL,TIMESTAMP '2015-12-18 10:47:39.000000','89','0','0:0:0:0:0:0:0:1',TIMESTAMP '2018-10-10 16:47:03.000000','10','0','0:0:0:0:0:0:0:1','N','Disks')
,(78,118,'스냅샷',69,NULL,'사용자가 작성한 서버의 스냅샷을 관리합니다.',4,'N',NULL,TIMESTAMP '2015-12-18 10:49:01.000000','89','0','0:0:0:0:0:0:0:1',TIMESTAMP '2019-11-22 17:51:52.177087','1','0','0:0:0:0:0:0:0:1','N','Snapshot')
;
INSERT INTO FM_MENU (ID,PRGM_ID,MENU_NM,PARENT_ID,THEME,MENU_DESC,MENU_ORDER,USE_YN,ICON,INS_TMS,INS_PGM,INS_ID,INS_IP,UPD_TMS,UPD_PGM,UPD_ID,UPD_IP,IS_POPUP,MENU_NM_EN) VALUES 
(79,125,'개인템플릿',69,NULL,'사용자가 개인템플릿을 이용하여 서버생성요청을 합니다.',6,'N',NULL,TIMESTAMP '2015-12-18 10:51:00.000000','89','0','0:0:0:0:0:0:0:1',TIMESTAMP '2019-11-22 17:51:57.517077','1','0','0:0:0:0:0:0:0:1','N','Template')
,(80,43,'역할관리',145,NULL,'역할별 프로그램 접근제어를 관리합니다.',6,'Y',NULL,TIMESTAMP '2015-12-18 11:38:56.000000','10','0','0:0:0:0:0:0:0:1',NULL,NULL,NULL,NULL,'N','Role Mngt.')
,(84,22,'팀 관리',93,NULL,'팀 관리(신규,삭제,저장,조회)합니다. ',5,'Y',NULL,TIMESTAMP '2015-12-24 14:22:03.000000','10','0','0:0:0:0:0:0:0:1',NULL,NULL,NULL,NULL,'N','Team Mngt.')
,(85,0,'결재',28,NULL,'결재',5,'Y','ui-icon-approval',TIMESTAMP '2015-12-28 11:02:07.000000','10','0','0:0:0:0:0:0:0:1',TIMESTAMP '2019-11-22 17:53:22.766689','1','0','0:0:0:0:0:0:0:1','N','Works')
,(86,93,'결재',85,NULL,'결재를 승인/반려 합니다.',3,'Y',NULL,TIMESTAMP '2015-12-28 11:03:08.000000','10','0','0:0:0:0:0:0:0:1',NULL,NULL,NULL,NULL,'N','request')
,(87,95,'요청 대기함',85,NULL,'사용자가 작업하였으나 결재요청 올리지 않는 목록을 관리합니다.',1,'Y',NULL,TIMESTAMP '2015-12-28 15:41:36.000000','10','0','0:0:0:0:0:0:0:1',TIMESTAMP '2019-05-16 11:18:11.025394','1','0','0:0:0:0:0:0:0:1','N','works')
,(88,0,'클라우드 관리',2,NULL,'클라우드 서버 관리',2,'Y',NULL,TIMESTAMP '2016-01-07 10:27:05.000000','10','0','0:0:0:0:0:0:0:1',TIMESTAMP '2019-01-16 16:49:26.770754','1','0','0:0:0:0:0:0:0:1','N',NULL)
,(89,101,'데이터 센터 관리',88,NULL,'데이터센터를 관리(수집, 신규, 삭제, 저장, 조회) 합니다.  ',1,'Y',NULL,TIMESTAMP '2016-01-07 10:27:39.000000','10','0','0:0:0:0:0:0:0:1',TIMESTAMP '2016-02-01 15:08:35.000000','10','0','0:0:0:0:0:0:0:1','N',NULL)
,(91,103,'표준템플릿관리',88,NULL,'VM을 생성할 표준 템플릿을 관리합니다.',2,'Y',NULL,TIMESTAMP '2016-01-07 16:09:59.000000','10','0','0:0:0:0:0:0:0:1',TIMESTAMP '2019-11-21 17:11:51.402478','1','0','0:0:0:0:0:0:0:1','N','OS Type Mng')
,(93,0,'사용자 관리',2,NULL,'사용자 관리',0,'Y',NULL,TIMESTAMP '2016-01-07 16:15:16.000000','10','0','0:0:0:0:0:0:0:1',TIMESTAMP '2016-01-07 16:16:35.000000','10','0','0:0:0:0:0:0:0:1','N','User Mng')
;
INSERT INTO FM_MENU (ID,PRGM_ID,MENU_NM,PARENT_ID,THEME,MENU_DESC,MENU_ORDER,USE_YN,ICON,INS_TMS,INS_PGM,INS_ID,INS_IP,UPD_TMS,UPD_PGM,UPD_ID,UPD_IP,IS_POPUP,MENU_NM_EN) VALUES 
(94,92,'사용자 조회',93,NULL,'사용자 정보를 조회합니다.',0,'Y',NULL,TIMESTAMP '2016-01-07 16:17:13.000000','10','0','0:0:0:0:0:0:0:1',NULL,NULL,NULL,NULL,'N','User Search')
,(98,104,'표준사양관리',88,NULL,'서버의 표준사양(CPU,RAM,DISK)을 관리(신규, 삭제, 저장, 조회) 합니다.',3,'Y',NULL,TIMESTAMP '2016-01-07 16:35:51.000000','10','0','0:0:0:0:0:0:0:1',TIMESTAMP '2019-11-21 17:10:17.362378','1','0','0:0:0:0:0:0:0:1','N','Vm Spec Mng')
,(104,111,'결재이력',85,NULL,'결재이력에 대한 정보를 조회합니다.',4,'Y',NULL,TIMESTAMP '2016-01-12 13:13:11.000000','10','0','0:0:0:0:0:0:0:1',TIMESTAMP '2018-11-09 16:47:38.000000','10','0','0:0:0:0:0:0:0:1','N','Approved History')
,(105,112,'요청 현황',85,NULL,'요청 이력을 조회합니다.',2,'Y',NULL,TIMESTAMP '2016-01-12 14:16:13.000000','10','0','0:0:0:0:0:0:0:1',TIMESTAMP '2019-05-14 09:44:21.528933','1','0','0:0:0:0:0:0:0:1','N','Reqeust History')
,(110,122,'서버 모니터링',116,NULL,'VM 모니터링 정보를 제공합니다.',3,'Y',NULL,TIMESTAMP '2016-01-25 09:39:26.000000','10','0','0:0:0:0:0:0:0:1',TIMESTAMP '2019-05-14 09:43:25.428953','1','0','0:0:0:0:0:0:0:1','N','Monitor')
,(112,119,'클러스터',116,NULL,'클러스터에 대한 정보를 제공합니다.',1,'Y',NULL,TIMESTAMP '2016-01-25 09:40:48.000000','10','0','0:0:0:0:0:0:0:1',TIMESTAMP '2018-09-21 16:04:57.000000','10','0','0:0:0:0:0:0:0:1','N','Cluster')
,(113,123,'호스트',116,NULL,'호스트에 대한 정보를 제공합니다. ',2,'Y',NULL,TIMESTAMP '2016-01-25 09:41:28.000000','10','0','0:0:0:0:0:0:0:1',TIMESTAMP '2018-09-21 16:05:51.000000','10','0','0:0:0:0:0:0:0:1','N','Host')
,(117,145,'적정 사이즈 제안',116,NULL,'사용량 변경이 필요한 서버의 변경 권장사항을 제안합니다.',8,'Y',NULL,TIMESTAMP '2016-01-26 14:10:45.000000','10','0','0:0:0:0:0:0:0:1',TIMESTAMP '2019-11-27 16:01:20.579487','1','0','0:0:0:0:0:0:0:1','N','Monitoring')
,(118,127,'진행중 작업',116,NULL,'진행중 작업',3,'N',NULL,TIMESTAMP '2016-01-28 17:29:39.000000','10','0','0:0:0:0:0:0:0:1',TIMESTAMP '2019-05-13 09:33:55.266076','1','0','0:0:0:0:0:0:0:1','N',NULL)
,(120,146,'접근제어 작업',88,NULL,'사용자로부터 요청받은 접근제어 작업들을 관리(작업완료, 작업메시지, 작업거부)합니다. ',5,'N',NULL,TIMESTAMP '2016-02-01 14:00:55.000000','10','0','0:0:0:0:0:0:0:1',TIMESTAMP '2019-11-21 17:09:25.692294','1','0','0:0:0:0:0:0:0:1','N','Fw Mng.')
;
INSERT INTO FM_MENU (ID,PRGM_ID,MENU_NM,PARENT_ID,THEME,MENU_DESC,MENU_ORDER,USE_YN,ICON,INS_TMS,INS_PGM,INS_ID,INS_IP,UPD_TMS,UPD_PGM,UPD_ID,UPD_IP,IS_POPUP,MENU_NM_EN) VALUES 
(123,133,'담당자 변경',85,NULL,'관리자가 담당자를 일괄 변경할 수 있습니다.(인사이동, 퇴사 등이 발생시)',8,'Y',NULL,TIMESTAMP '2016-02-16 09:07:47.000000','10','0','0:0:0:0:0:0:0:1',TIMESTAMP '2018-10-15 10:52:29.000000','10','0','0:0:0:0:0:0:0:1','N','Owner All Change')
,(130,9,'대시보드',116,NULL,NULL,0,'Y',NULL,TIMESTAMP '2018-08-14 18:05:14.000000','10','0','0:0:0:0:0:0:0:1',TIMESTAMP '2018-09-17 17:20:07.000000','10','0','1.220.213.141','N',NULL)
,(131,139,'경고목록',116,NULL,'Infra, VM 등에 대한 경고목록을 제공합니다.',6,'Y',NULL,TIMESTAMP '2018-08-14 18:07:16.000000','10','0','0:0:0:0:0:0:0:1',NULL,NULL,NULL,NULL,'N',NULL)
,(133,141,'데이터스토어',116,NULL,'데이터스토어에 대한 정보를 제공합니다.',3,'Y',NULL,TIMESTAMP '2018-09-07 14:05:41.000000','10','0','0:0:0:0:0:0:0:1',TIMESTAMP '2018-09-21 16:05:39.000000','10','0','0:0:0:0:0:0:0:1','N',NULL)
,(134,142,'접근제어',69,NULL,'서버에 접근할 수 있게 요청 합니다.',3,'N',NULL,TIMESTAMP '2018-09-21 20:19:31.000000','10','0','0:0:0:0:0:0:0:1',TIMESTAMP '2019-11-22 17:54:08.393344','1','0','0:0:0:0:0:0:0:1','N','Firewall')
,(135,143,'서버 사용량 내역',116,NULL,'월별 서버 개수, 비용등을 조회합니다.',7,'Y',NULL,TIMESTAMP '2018-10-02 20:38:04.000000','10','0','0:0:0:0:0:0:0:1',TIMESTAMP '2019-11-27 16:24:26.006510','1','0','0:0:0:0:0:0:0:1','N',NULL)
,(136,144,'완료함',85,NULL,'완료함',4,'N',NULL,TIMESTAMP '2018-10-08 17:37:55.000000','10','0','0:0:0:0:0:0:0:1',TIMESTAMP '2018-11-09 16:47:32.000000','10','0','0:0:0:0:0:0:0:1','N',NULL)
,(137,145,'반려함',85,NULL,'반려함',6,'N',NULL,TIMESTAMP '2018-10-08 17:38:18.000000','10','0','0:0:0:0:0:0:0:1',TIMESTAMP '2018-11-09 16:47:47.000000','10','0','0:0:0:0:0:0:0:1','N',NULL)
,(138,0,'VM사용자관리',88,NULL,'VM사용자관리',8,'N',NULL,TIMESTAMP '2018-10-08 17:39:35.000000','10','0','0:0:0:0:0:0:0:1',TIMESTAMP '2019-09-05 15:00:18.654151','1','0','10.10.1.134','N',NULL)
,(139,148,'장기간 미사용 서버',88,NULL,'장기간 미사용 서버를 조회합니다.',9,'N',NULL,TIMESTAMP '2018-10-08 17:51:50.000000','10','0','0:0:0:0:0:0:0:1',TIMESTAMP '2019-11-21 17:09:50.304604','1','0','0:0:0:0:0:0:0:1','N',NULL)
;
INSERT INTO FM_MENU (ID,PRGM_ID,MENU_NM,PARENT_ID,THEME,MENU_DESC,MENU_ORDER,USE_YN,ICON,INS_TMS,INS_PGM,INS_ID,INS_IP,UPD_TMS,UPD_PGM,UPD_ID,UPD_IP,IS_POPUP,MENU_NM_EN) VALUES 
(140,149,'월별요금조회',93,NULL,'사용자들(팀단위)의 월별요금을 조회합니다.',6,'Y',NULL,TIMESTAMP '2018-10-12 16:09:50.000000','9','0','0:0:0:0:0:0:0:1',NULL,NULL,NULL,NULL,'N',NULL)
,(141,150,'서버생성요청',69,NULL,'서버생성요청',2,'N',NULL,TIMESTAMP '2018-10-16 20:45:14.000000','10','0','0:0:0:0:0:0:0:1',TIMESTAMP '2019-01-21 17:26:38.164950','1','0','1.220.213.141','N',NULL)
,(142,151,'VRA카탈로그관리',88,NULL,'VRA 카탈로그를 관리(수집, 저장, 조회) 합니다.',4,'Y',NULL,TIMESTAMP '2018-11-15 10:26:36.000000','10','0','0:0:0:0:0:0:0:1',TIMESTAMP '2019-11-22 17:56:15.993561','1','0','0:0:0:0:0:0:0:1','N','VRA Catalog Mng')
,(143,152,'배포현황',28,NULL,'배포된 현황을 조회합니다.',4,'Y','ui-icon-cloud',TIMESTAMP '2018-11-15 10:27:44.000000','10','0','0:0:0:0:0:0:0:1',TIMESTAMP '2019-11-22 18:00:27.653386','1','0','0:0:0:0:0:0:0:1','N','VRA Catalog Request')
,(144,153,'VRA카탈로그 생성요청',69,NULL,NULL,5,'Y',NULL,TIMESTAMP '2018-11-23 13:14:20.000000','10','0','106.241.16.118',TIMESTAMP '2019-01-30 15:21:28.993119','1','0','0:0:0:0:0:0:0:1','Y','New VRA Catalog')
,(145,0,'시스템관리',2,NULL,NULL,4,'Y',NULL,TIMESTAMP '2019-01-16 16:49:15.313000','1','0','0:0:0:0:0:0:0:1',TIMESTAMP '2019-04-30 10:47:10.770744','1','0','0:0:0:0:0:0:0:1','N',NULL)
,(146,106,'요금관리',88,NULL,'CPU,메모리,디스크 요금관리',6,'N',NULL,TIMESTAMP '2019-01-18 21:58:54.481000','1','0','0:0:0:0:0:0:0:1',TIMESTAMP '2019-11-21 17:14:58.888928','1','0','0:0:0:0:0:0:0:1','N',NULL)
,(147,154,'라이센스조회',88,NULL,'데이터센터에 존재하는 라이센스를 조회합니다.',10,'Y',NULL,TIMESTAMP '2019-01-22 17:46:48.282000','1','0','0:0:0:0:0:0:0:1',NULL,NULL,NULL,NULL,'N',NULL)
,(151,158,'IP현황',88,NULL,'서버에서 사용중인 IP의 현황을 조회합니다',13,'Y',NULL,TIMESTAMP '2019-04-15 16:18:07.758000','1','0','0:0:0:0:0:0:0:1',NULL,NULL,NULL,NULL,'N',NULL)
,(152,159,'IP예약',88,NULL,'사용될 IP를 예약합니다',14,'N',NULL,TIMESTAMP '2019-04-15 16:19:49.559000','1','0','0:0:0:0:0:0:0:1',TIMESTAMP '2019-11-22 17:56:52.507325','1','0','0:0:0:0:0:0:0:1','N',NULL)
;
INSERT INTO FM_MENU (ID,PRGM_ID,MENU_NM,PARENT_ID,THEME,MENU_DESC,MENU_ORDER,USE_YN,ICON,INS_TMS,INS_PGM,INS_ID,INS_IP,UPD_TMS,UPD_PGM,UPD_ID,UPD_IP,IS_POPUP,MENU_NM_EN) VALUES 
(156,162,'라이센스현황',154,NULL,'라이센스 현황 통계',2,'Y',NULL,TIMESTAMP '2019-05-09 10:26:37.462000','1','0','0:0:0:0:0:0:0:1',NULL,NULL,NULL,NULL,'N',NULL)
,(157,163,'데이터센터현황',154,NULL,'데이터센터별 리소스 통계',3,'Y',NULL,TIMESTAMP '2019-05-09 10:27:01.242000','1','0','0:0:0:0:0:0:0:1',NULL,NULL,NULL,NULL,'N',NULL)
,(158,164,'템플릿현황',154,NULL,'표준템플릿 통계',4,'N',NULL,TIMESTAMP '2019-05-09 10:27:21.647000','1','0','0:0:0:0:0:0:0:1',TIMESTAMP '2019-12-03 17:26:45.969673','1','0','0:0:0:0:0:0:0:1','N',NULL)
,(148,155,'디스크 종류 관리',88,NULL,'디스크 종류(타입)를 관리(신규, 수정, 저장, 조회)합니다',9,'N',NULL,TIMESTAMP '2019-01-23 09:34:59.598000','1','0','0:0:0:0:0:0:0:1',TIMESTAMP '2019-11-27 17:16:36.340299','1','0','0:0:0:0:0:0:0:1','N',NULL)
,(150,157,'사양 설정',88,NULL,'서버 생성시 사용될 리소스의 사양(CPU, 메모리,디스크)을 설정합니다.',12,'N',NULL,TIMESTAMP '2019-04-09 10:41:00.715000','1','0','0:0:0:0:0:0:0:1',TIMESTAMP '2019-11-21 17:10:20.670140','1','0','0:0:0:0:0:0:0:1','N',NULL)
,(154,0,'통계',28,NULL,NULL,6,'Y','ui-icon-stat',TIMESTAMP '2019-05-08 14:34:03.530000','1','0','0:0:0:0:0:0:0:1',NULL,NULL,NULL,NULL,'N',NULL)
,(155,161,'VM현황',154,NULL,'VM 통계',1,'Y',NULL,TIMESTAMP '2019-05-08 14:34:32.547000','1','0','0:0:0:0:0:0:0:1',NULL,NULL,NULL,NULL,'N',NULL)
,(160,96,'서버 생성 요청',69,NULL,'등록된 카탈로그를 선택하여 빠르게 서버 생성을 요청합니다.',0,'Y',NULL,TIMESTAMP '2019-05-14 09:48:51.105000','1','0','0:0:0:0:0:0:0:1',TIMESTAMP '2019-11-22 17:53:37.823095','1','0','0:0:0:0:0:0:0:1','N',NULL)
,(162,166,'서비스 관리',88,NULL,NULL,6,'Y',NULL,NULL,NULL,NULL,NULL,TIMESTAMP '2019-11-22 17:57:03.384335','1','0','0:0:0:0:0:0:0:1','N',NULL)
,(116,0,'모니터링',28,NULL,'모니터링',6,'Y','ui-icon-monitor',TIMESTAMP '2016-01-26 14:10:45.000000','10','0','0:0:0:0:0:0:0:1',TIMESTAMP '2016-02-04 18:43:27.000000','10','0','0:0:0:0:0:0:0:1','N','Monitoring')
;INSERT INTO FM_MY_MENU (MENU_ID,USER_ID,INS_TMS,INS_PGM,INS_ID,INS_IP,UPD_TMS,UPD_PGM,UPD_ID,UPD_IP,FOLDER_ID) VALUES 
(70,'0',TIMESTAMP '2018-10-11 21:43:22.000000',NULL,NULL,NULL,NULL,NULL,NULL,NULL,NULL)
,(87,'12',TIMESTAMP '2018-11-06 14:26:59.000000',NULL,NULL,NULL,NULL,NULL,NULL,NULL,NULL)
,(105,'12',TIMESTAMP '2018-10-25 10:27:43.000000',NULL,NULL,NULL,NULL,NULL,NULL,NULL,NULL)
,(118,'12',TIMESTAMP '2018-07-03 15:07:52.000000',NULL,NULL,NULL,NULL,NULL,NULL,NULL,NULL)
;INSERT INTO FM_NL (TABLE_NM,FIELD_NM,ID,LANG_TYPE,NM) VALUES 
('FM_DDIC','DD_VALUE','APP_KIND.A','en','Approve')
,('FM_DDIC','DD_VALUE','APP_KIND.C','en','Cancel')
,('FM_DDIC','DD_VALUE','APP_KIND.D','en','Deny')
,('FM_DDIC','DD_VALUE','APP_KIND.R','en','Request')
,('FM_DDIC','DD_VALUE','APP_KIND.W','en','Woking')
,('FM_DDIC','DD_VALUE','BANK.S','en','Shinhan')
,('FM_DDIC','DD_VALUE','BIZ_KIND.C','en','corporation')
,('FM_DDIC','DD_VALUE','BIZ_KIND.I','en','individual business？')
,('FM_DDIC','DD_VALUE','BIZ_KIND.N','en','non-commercial')
,('FM_DDIC','DD_VALUE','CARD.S','en','Shinhan Card')
;
INSERT INTO FM_NL (TABLE_NM,FIELD_NM,ID,LANG_TYPE,NM) VALUES 
('FM_DDIC','DD_VALUE','CUD.C','en','Create')
,('FM_DDIC','DD_VALUE','CUD.D','en','Delete')
,('FM_DDIC','DD_VALUE','CUD.U','en','Update')
,('FM_DDIC','DD_VALUE','ETC_SVC.G','en','Imge')
,('FM_DDIC','DD_VALUE','ETC_SVC.I','en','IP')
,('FM_DDIC','DD_VALUE','FEE.D','en','￦/Day')
,('FM_DDIC','DD_VALUE','FEE.H','en','￦/Hour')
,('FM_DDIC','DD_VALUE','FEE.M','en','￦/Month')
,('FM_DDIC','DD_VALUE','FEE_FREE.F','en','Free')
,('FM_DDIC','DD_VALUE','FEE_TYPE.D','en','Day')
;
INSERT INTO FM_NL (TABLE_NM,FIELD_NM,ID,LANG_TYPE,NM) VALUES 
('FM_DDIC','DD_VALUE','FEE_TYPE.H','en','Hour')
,('FM_DDIC','DD_VALUE','FEE_TYPE.M','en','Month')
,('FM_DDIC','DD_VALUE','FEE_UNIT.D','en','Day')
,('FM_DDIC','DD_VALUE','FEE_UNIT.H','en','Hour')
,('FM_DDIC','DD_VALUE','FEE_UNIT.M','en','Month')
,('FM_DDIC','DD_VALUE','GOODS_CATEGORY.1','en','BigData')
,('FM_DDIC','DD_VALUE','HV_ETC_PRODUCT_V.VRA','en','VRA')
,('FM_DDIC','DD_VALUE','HYPERVISOR.V','en','VMWare')
,('FM_DDIC','DD_VALUE','INQ.ERR','en','Error')
,('FM_DDIC','DD_VALUE','INQ.ETC','en','etc')
;
INSERT INTO FM_NL (TABLE_NM,FIELD_NM,ID,LANG_TYPE,NM) VALUES 
('FM_DDIC','DD_VALUE','INQ.FAIL','en','Failure')
,('FM_DDIC','DD_VALUE','INQ.INQ','en','inquiry')
,('FM_DDIC','DD_VALUE','INQ.REQ','en','Request')
,('FM_DDIC','DD_VALUE','PAY_KIND.A','en','account transfer')
,('FM_DDIC','DD_VALUE','PAY_KIND.C','en','credit card')
,('FM_DDIC','DD_VALUE','PAY_YN.N','en','No Pay')
,('FM_DDIC','DD_VALUE','PAY_YN.Y','en','Paid')
,('FM_DDIC','DD_VALUE','PERF_KIND.cpu_usage','en','CPU Usage(%)')
,('FM_DDIC','DD_VALUE','PERF_KIND.cpu_usagemhz','en','CPU Usage(MHz)')
,('FM_DDIC','DD_VALUE','PERF_KIND.disk_capacity','en','Disk Capacity(KB)')
;
INSERT INTO FM_NL (TABLE_NM,FIELD_NM,ID,LANG_TYPE,NM) VALUES 
('FM_DDIC','DD_VALUE','PERF_KIND.disk_usage','en','Disk Usage(KB/s)')
,('FM_DDIC','DD_VALUE','PERF_KIND.disk_used','en','Disk Used(KB)')
,('FM_DDIC','DD_VALUE','PERF_KIND.mem_consumed','en','Memory Consumed(KB)')
,('FM_DDIC','DD_VALUE','PERF_KIND.mem_usage','en','Memory Usage(%)')
,('FM_DDIC','DD_VALUE','PERF_KIND.net_usage','en','Network Usage(KB/s)')
,('FM_DDIC','DD_VALUE','PERF_TERM.1d','en','1Day')
,('FM_DDIC','DD_VALUE','PERF_TERM.1h','en','1Hour')
,('FM_DDIC','DD_VALUE','PERF_TERM.1m','en','1Month')
,('FM_DDIC','DD_VALUE','PERF_TERM.1w','en','1Week')
,('FM_DDIC','DD_VALUE','PERF_TERM.1y','en','1Year')
;
INSERT INTO FM_NL (TABLE_NM,FIELD_NM,ID,LANG_TYPE,NM) VALUES 
('FM_DDIC','DD_VALUE','PERF_TERM1.1d','en','1Day')
,('FM_DDIC','DD_VALUE','PERF_TERM1.1m','en','1Month')
,('FM_DDIC','DD_VALUE','PERF_TERM1.1w','en','1Week')
,('FM_DDIC','DD_VALUE','PERF_TERM1.1y','en','1Year')
,('FM_DDIC','DD_VALUE','PROTOCOL.ICAMP','en','ICAMP')
,('FM_DDIC','DD_VALUE','PROTOCOL.TCP','en','TCP')
,('FM_DDIC','DD_VALUE','PROTOCOL.UDP','en','UDP')
,('FM_DDIC','DD_VALUE','PROTOCOL1.TCP','en','TCP')
,('FM_DDIC','DD_VALUE','PROTOCOL1.UDP','en','UDP')
,('FM_DDIC','DD_VALUE','RUN_CD.F','en','Fail')
;
INSERT INTO FM_NL (TABLE_NM,FIELD_NM,ID,LANG_TYPE,NM) VALUES 
('FM_DDIC','DD_VALUE','RUN_CD.R','en','Run')
,('FM_DDIC','DD_VALUE','RUN_CD.S','en','Stop')
,('FM_DDIC','DD_VALUE','RUN_CD.W','en','InProgress')
,('FM_DDIC','DD_VALUE','SEARCH_MM.1','en','1')
,('FM_DDIC','DD_VALUE','SEARCH_MM.10','en','10')
,('FM_DDIC','DD_VALUE','SEARCH_MM.11','en','11')
,('FM_DDIC','DD_VALUE','SEARCH_MM.12','en','12')
,('FM_DDIC','DD_VALUE','SEARCH_MM.2','en','2')
,('FM_DDIC','DD_VALUE','SEARCH_MM.3','en','3')
,('FM_DDIC','DD_VALUE','SEARCH_MM.4','en','4')
;
INSERT INTO FM_NL (TABLE_NM,FIELD_NM,ID,LANG_TYPE,NM) VALUES 
('FM_DDIC','DD_VALUE','SEARCH_MM.5','en','5')
,('FM_DDIC','DD_VALUE','SEARCH_MM.6','en','6')
,('FM_DDIC','DD_VALUE','SEARCH_MM.7','en','7')
,('FM_DDIC','DD_VALUE','SEARCH_MM.8','en','8')
,('FM_DDIC','DD_VALUE','SEARCH_MM.9','en','9')
,('FM_DDIC','DD_VALUE','SEARCH_YYYY.2010','en','2010')
,('FM_DDIC','DD_VALUE','SEARCH_YYYY.2011','en','2011')
,('FM_DDIC','DD_VALUE','SEARCH_YYYY.2012','en','2012')
,('FM_DDIC','DD_VALUE','SEARCH_YYYY.2013','en','2013')
,('FM_DDIC','DD_VALUE','SEARCH_YYYY.2014','en','2014')
;
INSERT INTO FM_NL (TABLE_NM,FIELD_NM,ID,LANG_TYPE,NM) VALUES 
('FM_DDIC','DD_VALUE','SEARCH_YYYY.2015','en','2015')
,('FM_DDIC','DD_VALUE','SEARCH_YYYY.2016','en','2016')
,('FM_DDIC','DD_VALUE','SEARCH_YYYY.2017','en','2017')
,('FM_DDIC','DD_VALUE','SVC.A','en','NAT')
,('FM_DDIC','DD_VALUE','SVC.B','en','Buy Goods')
,('FM_DDIC','DD_VALUE','SVC.C','en','Server')
,('FM_DDIC','DD_VALUE','SVC.D','en','Disk')
,('FM_DDIC','DD_VALUE','SVC.F','en','Firewall')
,('FM_DDIC','DD_VALUE','SVC.G','en','Imge')
,('FM_DDIC','DD_VALUE','SVC.I','en','IP')
;
INSERT INTO FM_NL (TABLE_NM,FIELD_NM,ID,LANG_TYPE,NM) VALUES 
('FM_DDIC','DD_VALUE','SVC.N','en','Network Connection')
,('FM_DDIC','DD_VALUE','SVC.S','en','Server')
,('FM_DDIC','DD_VALUE','TASK_CD.A','en','NAT')
,('FM_DDIC','DD_VALUE','TASK_CD.C','en','Catalog')
,('FM_DDIC','DD_VALUE','TASK_CD.D','en','Disk')
,('FM_DDIC','DD_VALUE','TASK_CD.F','en','Firewall')
,('FM_DDIC','DD_VALUE','TASK_CD.G','en','Imge')
,('FM_DDIC','DD_VALUE','TASK_CD.I','en','IP')
,('FM_DDIC','DD_VALUE','TASK_CD.N','en','Network Connection')
,('FM_DDIC','DD_VALUE','TASK_CD.R','en','Revert VM')
;
INSERT INTO FM_NL (TABLE_NM,FIELD_NM,ID,LANG_TYPE,NM) VALUES 
('FM_DDIC','DD_VALUE','TASK_CD.S','en','Server')
,('FM_DDIC','DD_VALUE','TASK_CD.T','en','Snapshot')
,('FM_DDIC','DD_VALUE','TASK_STATUS_CD.D','en','Deny')
,('FM_DDIC','DD_VALUE','TASK_STATUS_CD.F','en','Fail')
,('FM_DDIC','DD_VALUE','TASK_STATUS_CD.S','en','Success')
,('FM_DDIC','DD_VALUE','TASK_STATUS_CD.W','en','Processing')
,('FM_DDIC','DD_VALUE','TASK_STATUS_CD1.F','en','Success')
,('FM_DDIC','DD_VALUE','TASK_STATUS_CD1.S','en','Success')
,('FM_DDIC','DD_VALUE','TASK_STATUS_CD1.W','en','Processing')
,('FM_DDIC','DD_VALUE','USER_TYPE.16','en','Company Admin')
;
INSERT INTO FM_NL (TABLE_NM,FIELD_NM,ID,LANG_TYPE,NM) VALUES 
('FM_DDIC','DD_VALUE','USER_TYPE.18','en','Group Member')
,('FM_DDIC','DD_VALUE','USER_TYPE.19','en','Portal Admin')
,('FM_DDIC','DD_VALUE','USER_TYPE.21','en','Group Admin')
,('FM_MENU','ID','1','en','ROOT')
,('FM_MENU','ID','2','en','nTree-C Mngt.')
,('FM_MENU','ID','17','en','Menu Mngt.')
,('FM_MENU','ID','19','en','ConnectLog')
,('FM_MENU','ID','20','en','Program Statistics')
,('FM_MENU','ID','28','en','User info')
,('FM_MENU','ID','35','en','Code Mngt.')
;
INSERT INTO FM_NL (TABLE_NM,FIELD_NM,ID,LANG_TYPE,NM) VALUES 
('FM_MENU','ID','63','en','Notice')
,('FM_MENU','ID','64','en','Notice')
,('FM_MENU','ID','69','en','Resources')
,('FM_MENU','ID','70','en','Servers')
,('FM_MENU','ID','75','en','Q&A')
,('FM_MENU','ID','78','en','Snapshot')
,('FM_MENU','ID','79','en','Template')
,('FM_MENU','ID','80','en','Role Mngt.')
,('FM_MENU','ID','84','en','Team Mngt.')
,('FM_DDIC','DD_VALUE','RUN_CD.C','en','Requested')
;
INSERT INTO FM_NL (TABLE_NM,FIELD_NM,ID,LANG_TYPE,NM) VALUES 
('FM_DDIC','DD_VALUE','P_KUBUN.D','en','D')
,('FM_DDIC','DD_VALUE','P_KUBUN.M','en','M')
,('FM_DDIC','DD_VALUE','P_KUBUN.P','en','P')
,('FM_DDIC','DD_VALUE','PURPOSE.BLD','en','build')
,('FM_MENU','ID','85','en','Works')
,('FM_MENU','ID','86','en','request')
,('FM_MENU','ID','87','en','works')
,('FM_MENU','ID','91','en','OS Type Mng')
,('FM_MENU','ID','93','en','User Mng')
,('FM_MENU','ID','94','en','User Search')
;
INSERT INTO FM_NL (TABLE_NM,FIELD_NM,ID,LANG_TYPE,NM) VALUES 
('FM_MENU','ID','98','en','Vm Spec Mng')
,('FM_MENU','ID','104','en','Approved History')
,('FM_MENU','ID','105','en','Reqeust History')
,('FM_MENU','ID','110','en','Monitor')
,('FM_MENU','ID','112','en','Cluster')
,('FM_MENU','ID','113','en','Host')
,('FM_MENU','ID','116','en','Monitoring')
,('FM_MENU','ID','120','en','Fw Mng.')
,('FM_MENU','ID','123','en','Owner All Change')
,('FM_MENU','ID','134','en','Firewall')
;
INSERT INTO FM_NL (TABLE_NM,FIELD_NM,ID,LANG_TYPE,NM) VALUES 
('FM_MENU','ID','142','en','VRA Catalog Mng')
,('FM_MENU','ID','143','en','VRA Catalog Request')
,('FM_MENU','ID','144','en','New VRA Catalog')
;INSERT INTO FM_PRGM (PRGM_ID,SYSTEM_CODE,PRGM_NM,PRGM_DESC,USE_YN,PRGM_PATH,INS_TMS,INS_PGM,INS_ID,INS_IP,UPD_TMS,UPD_PGM,UPD_ID,UPD_IP,PKG_NM,QUERY_GEN_KUBUN,PAGE_ID,TMPL_ID,INTERNAL_ONLY,MOBILE_YN,COMMON_YN,MANUAL_PATH,PROCEDURE_SCHEMA) VALUES 
(165,0,'Application 관리',NULL,'Y','/clovirsm/admin/vra/appMng/index.jsp',NULL,NULL,'0',NULL,TIMESTAMP '2019-11-22 17:57:03.376738','1','0','0:0:0:0:0:0:0:1','/api/popup/category/','G','vm',NULL,'N','N','N',NULL,NULL)
,(145,0,'적정 사이즈 제안','사용량 변경이 필요한 서버의 변경 권장사항을 제안합니다.','Y','/clovirsm/monitor/overundervm/index.jsp',NULL,NULL,NULL,NULL,TIMESTAMP '2019-11-27 16:01:20.573095','1','0','0:0:0:0:0:0:0:1','/api/overundervm/',NULL,'vmHistory',NULL,'N','N','N',NULL,NULL)
,(167,0,'Shell관리',NULL,'Y','/clovirsm/admin/scriptMng/index.jsp',NULL,NULL,'0',NULL,TIMESTAMP '2019-11-22 17:57:03.376738','1','0','0:0:0:0:0:0:0:1','/api/script/','G','vm',NULL,'N','N','N',NULL,NULL)
,(156,0,'IP 대역 관리',NULL,'N','/clovirsm/admin/portgroup/index.jsp',TIMESTAMP '2019-04-02 11:23:39.616367','1','0','0:0:0:0:0:0:0:1',TIMESTAMP '2019-11-22 17:56:48.707436','1','0','0:0:0:0:0:0:0:1','/api/portgroup/list',NULL,NULL,NULL,NULL,NULL,NULL,NULL,NULL)
,(160,0,'환경설정',NULL,'Y','/clovirsm/admin/setting/index.jsp',TIMESTAMP '2019-04-30 10:47:01.160832','1','0','0:0:0:0:0:0:0:1',NULL,NULL,NULL,NULL,'/api/server_setting/',NULL,NULL,NULL,NULL,NULL,NULL,NULL,NULL)
,(4,0,'사용자관리','사용자관리','N','/admin/user/index.jsp',TIMESTAMP '2015-05-14 15:06:25.000000',NULL,NULL,NULL,TIMESTAMP '2015-05-14 15:06:25.000000','prgm','syk','127.0.0.1','/api/user/list','G','user',17,'N','N','N',NULL,NULL)
,(7,0,'게시판','게시판','N','/admin/notice/index.jsp',TIMESTAMP '2015-05-14 15:06:25.000000',NULL,NULL,NULL,TIMESTAMP '2015-05-14 15:06:25.000000',NULL,NULL,NULL,'/api/notice/list','G','user',17,'N','N','N',NULL,NULL)
,(10,0,'메뉴관리','메뉴관리','Y','/admin/menu/index.jsp',TIMESTAMP '2015-05-14 15:06:25.000000','123','syk','0:0:0:0:0:0:0:1',TIMESTAMP '2015-05-14 15:06:25.000000','10','syk','0:0:0:0:0:0:0:1','/api/menu/list','G','menu',3,'N','N','N',NULL,NULL)
,(22,0,'팀관리','팀관리','Y','/clovirsm/site/team/index.jsp',TIMESTAMP '2015-05-14 15:06:25.000000','3','syk','127.0.0.1',TIMESTAMP '2015-05-14 15:06:25.000000',NULL,NULL,NULL,'/api/site_group/list','G','team',3,'N','N','N',NULL,NULL)
,(37,0,'접속로그조회','접속로그조회','Y','/admin/log/index.jsp',TIMESTAMP '2015-05-14 15:06:26.000000','3','syk','127.0.0.1',TIMESTAMP '2019-01-15 20:07:53.836880','1','0','0:0:0:0:0:0:0:1','/api/log_connect/list','GL','log',20,'N','N','N',NULL,NULL)
;
INSERT INTO FM_PRGM (PRGM_ID,SYSTEM_CODE,PRGM_NM,PRGM_DESC,USE_YN,PRGM_PATH,INS_TMS,INS_PGM,INS_ID,INS_IP,UPD_TMS,UPD_PGM,UPD_ID,UPD_IP,PKG_NM,QUERY_GEN_KUBUN,PAGE_ID,TMPL_ID,INTERNAL_ONLY,MOBILE_YN,COMMON_YN,MANUAL_PATH,PROCEDURE_SCHEMA) VALUES 
(42,0,'프로그램사용빈도조회','프로그램사용빈도조회','Y','/admin/logPrgm/index.jsp',TIMESTAMP '2015-05-14 15:06:26.000000','3','syk','211.51.22.223',TIMESTAMP '2019-01-15 20:08:01.722773','1','0','0:0:0:0:0:0:0:1','/api/log_prgm/list','GL','logPrgm',22,'N','N','N',NULL,NULL)
,(43,0,'권한관리','권한관리','Y','/admin/role/index.jsp',TIMESTAMP '2015-05-14 15:06:26.000000','3','syk','127.0.0.1',TIMESTAMP '2015-05-14 15:06:26.000000','3','syk','127.0.0.1','/api/role/list','G','role',17,'N','N','N',NULL,NULL)
,(46,0,'공지사항','공지사항(관리자)','Y','/admin/notice/index.jsp',TIMESTAMP '2015-05-14 15:06:26.000000','3','syk','211.51.22.223',TIMESTAMP '2015-05-14 15:06:26.000000','3','hanna','211.51.22.223','/api/notice/list','G','notiAdm',17,'N','N','N',NULL,NULL)
,(48,0,'공지사항','공지사항(사용자)','Y','/admin/notice/index.jsp',TIMESTAMP '2015-05-14 15:06:26.000000',NULL,NULL,NULL,TIMESTAMP '2016-02-12 14:39:22.000000','3','0','0:0:0:0:0:0:0:1','/api/notice/list','G','noti',17,'N','N','Y',NULL,NULL)
,(66,0,'자료사전','자료사전','Y','/admin/ddic/index.jsp',TIMESTAMP '2015-05-14 15:06:26.000000','prgm','hanna','211.51.22.223',TIMESTAMP '2015-05-14 15:06:26.000000','ddic','hanna','211.51.22.223','/api/fm_ddic/list','G','ddic',17,'N','N','N',NULL,NULL)
,(88,0,'단일 서버','서버','N','/clovirsm/resources/vm/index.jsp',TIMESTAMP '2015-12-17 10:52:27.000000','3','0','0:0:0:0:0:0:0:1',TIMESTAMP '2019-11-22 17:51:40.831964','1','0','0:0:0:0:0:0:0:1','/api/vm/list','GL','VM',23,'N','N','N',NULL,NULL)
,(92,0,'사용자 조회','사용자 조회','Y','/clovirsm/admin/userSearch/index.jsp',TIMESTAMP '2015-12-23 14:11:53.000000','3','0','0:0:0:0:0:0:0:1',TIMESTAMP '2015-12-23 15:23:28.000000','3','0','0:0:0:0:0:0:0:1','/api/user_mng/list','GL','userSearch',23,'N','N','N',NULL,NULL)
,(93,0,'결재요청','결재요청','Y','/clovirsm/workflow/approval/index.jsp',TIMESTAMP '2015-12-28 10:58:23.000000','3','0','0:0:0:0:0:0:0:1',TIMESTAMP '2016-01-12 14:15:28.000000','3','0','0:0:0:0:0:0:0:1','/api/approval/list','G','approval',17,'N','N','N',NULL,NULL)
,(94,0,'나의문의내역','나의문의내역','Y','/admin/inquiry/index.jsp',TIMESTAMP '2015-12-28 11:10:37.000000','3','0','0:0:0:0:0:0:0:1',TIMESTAMP '2016-01-25 14:36:25.000000','3','0','0:0:0:0:0:0:0:1','/api/qna/list','G','inquiry',17,'N','N','N',NULL,NULL)
,(95,0,'요청 대기함','서버 생성 요청','Y','/clovirsm/workflow/work/index.jsp',TIMESTAMP '2015-12-28 15:40:25.000000','3','0','0:0:0:0:0:0:0:1',TIMESTAMP '2019-05-16 11:18:11.011424','1','0','0:0:0:0:0:0:0:1','/api/work/list','G','works',19,'N','N','N',NULL,NULL)
;
INSERT INTO FM_PRGM (PRGM_ID,SYSTEM_CODE,PRGM_NM,PRGM_DESC,USE_YN,PRGM_PATH,INS_TMS,INS_PGM,INS_ID,INS_IP,UPD_TMS,UPD_PGM,UPD_ID,UPD_IP,PKG_NM,QUERY_GEN_KUBUN,PAGE_ID,TMPL_ID,INTERNAL_ONLY,MOBILE_YN,COMMON_YN,MANUAL_PATH,PROCEDURE_SCHEMA) VALUES 
(101,0,'데이터 센터 관리','어드민:데이터 센터 관리','Y','/clovirsm/admin/dcMng/index.jsp',TIMESTAMP '2016-01-06 14:06:07.000000','3','0','0:0:0:0:0:0:0:1',TIMESTAMP '2016-01-06 14:54:10.000000','3','0','0:0:0:0:0:0:0:1','/api/dc_mng/list','G','dcMng',17,'N','N','N',NULL,NULL)
,(102,0,'표준템플릿 관리','표준템플릿 관리','Y','/clovirsm/admin/vra/ostypeMng/index.jsp',TIMESTAMP '2016-01-06 15:12:05.000000','3','0','0:0:0:0:0:0:0:1',TIMESTAMP '2016-03-18 11:31:03.000000','999999','0','127.0.0.1','/api/ostype/list','G','osTypeMng',17,'N','N','N',NULL,NULL)
,(104,0,'표준사양관리','서버사양별 요금 관리','Y','/clovirsm/admin/vra/vmspec/index.jsp',TIMESTAMP '2016-01-07 16:26:01.000000','3','0','0:0:0:0:0:0:0:1',TIMESTAMP '2019-11-21 17:10:17.354012','1','0','0:0:0:0:0:0:0:1','/api/vm_spec_mng/list','G','vmSpecMng',17,'N','N','N',NULL,NULL)
,(106,0,'요금관리','기타요금','N','/clovirsm/admin/etcFee/index.jsp',TIMESTAMP '2016-01-11 11:13:20.000000','3','0','0:0:0:0:0:0:0:1',TIMESTAMP '2019-11-21 17:14:58.883839','1','0','0:0:0:0:0:0:0:1','/api/etc_fee_mng/list','G','etcFeeMng',17,'N','N','N',NULL,NULL)
,(111,0,'결재이력','결재이력','Y','/clovirsm/workflow/approvalHistory/index.jsp',TIMESTAMP '2016-01-12 13:09:04.000000','3','0','0:0:0:0:0:0:0:1',TIMESTAMP '2016-01-12 14:15:12.000000','3','0','0:0:0:0:0:0:0:1','/api/approval_history/list','G','approvalHistory',17,'N','N','N',NULL,NULL)
,(112,0,'요청 현황','결재 의뢰 이력','Y','/clovirsm/workflow/requestHistory/index.jsp',TIMESTAMP '2016-01-12 14:15:06.000000','3','0','0:0:0:0:0:0:0:1',TIMESTAMP '2019-05-14 09:44:21.521623','1','0','0:0:0:0:0:0:0:1','/api/request_history/list','G','requestHistory',17,'N','N','N',NULL,NULL)
,(118,0,'스냅샷','스냅샷','N','/clovirsm/resources/snapshot/index.jsp',TIMESTAMP '2016-01-22 17:43:25.000000','3','0','0:0:0:0:0:0:0:1',TIMESTAMP '2019-11-22 17:51:52.171597','1','0','0:0:0:0:0:0:0:1','/api/snapshot/list','G','snapshot',17,'N','N','N',NULL,NULL)
,(119,0,'클러스터 모니터링',NULL,'Y','/clovirsm/monitor/cluster/index.jsp',TIMESTAMP '2016-01-22 17:56:52.000000','3','0','0:0:0:0:0:0:0:1',TIMESTAMP '2016-02-05 11:26:20.000000','3','0','0:0:0:0:0:0:0:1','/api/admin_monitor/list/CLUSTER','G','monitorCluster',19,'N','N','N',NULL,NULL)
,(122,0,'서버 모니터링','VM모니터링','Y','/clovirsm/monitor/vrops_vm/index.jsp',TIMESTAMP '2016-01-25 09:33:07.000000','3','0','0:0:0:0:0:0:0:1',TIMESTAMP '2019-05-14 09:43:25.381519','1','0','0:0:0:0:0:0:0:1','/api/vm/','G','monitorVM',19,'N','N','N',NULL,NULL)
,(123,0,'호스트모니터링',NULL,'Y','/clovirsm/monitor/host/index.jsp',TIMESTAMP '2016-01-25 09:35:29.000000','3','0','0:0:0:0:0:0:0:1',TIMESTAMP '2016-02-05 11:25:23.000000','3','0','0:0:0:0:0:0:0:1','/api/admin_monitor/','G','monitorHost',19,'N','N','N',NULL,NULL)
;
INSERT INTO FM_PRGM (PRGM_ID,SYSTEM_CODE,PRGM_NM,PRGM_DESC,USE_YN,PRGM_PATH,INS_TMS,INS_PGM,INS_ID,INS_IP,UPD_TMS,UPD_PGM,UPD_ID,UPD_IP,PKG_NM,QUERY_GEN_KUBUN,PAGE_ID,TMPL_ID,INTERNAL_ONLY,MOBILE_YN,COMMON_YN,MANUAL_PATH,PROCEDURE_SCHEMA) VALUES 
(125,0,'개인템플릿','이미지','N','/clovirsm/resources/image/index.jsp',TIMESTAMP '2016-01-26 13:12:37.000000','3','0','0:0:0:0:0:0:0:1',TIMESTAMP '2019-11-22 17:51:57.506086','1','0','0:0:0:0:0:0:0:1','/api/image/list','G','image',17,'N','N','N',NULL,NULL)
,(127,0,'진행중 작업',NULL,'N','/clovirsm/monitor/monitor_task.jsp',TIMESTAMP '2016-01-28 15:23:11.000000','3','0','0:0:0:0:0:0:0:1',TIMESTAMP '2019-05-13 09:33:55.257014','1','0','0:0:0:0:0:0:0:1','/api/monitor/','G','taskIng',19,'N','N','N',NULL,NULL)
,(133,0,'담당자 일괄 변경','담당자 일괄 변경','Y','/clovirsm/resources/all_change_owner/index.jsp',TIMESTAMP '2016-02-16 09:05:52.000000','3','0','0:0:0:0:0:0:0:1',TIMESTAMP '2016-02-16 09:05:52.000000','3','0','0:0:0:0:0:0:0:1','/api/all_change_owner/','G','ownerAllChange',17,'N','N','N',NULL,NULL)
,(139,0,'경고목록','경고목록','Y','/clovirsm/monitor/alarm/index.jsp',NULL,NULL,NULL,NULL,NULL,NULL,NULL,NULL,'/api/admin_monitor/','G','alaram',NULL,'N','N','N',NULL,NULL)
,(141,0,'데이터스토어',NULL,'Y','/clovirsm/monitor/ds/index.jsp',NULL,NULL,NULL,NULL,NULL,NULL,NULL,NULL,'/api/admin_monitor/',NULL,'datastore',NULL,'N','N','N',NULL,NULL)
,(142,0,'접근제어','방화벽','N','/clovirsm/resources/fw/index.jsp',TIMESTAMP '2016-01-27 17:19:29.000000','3','0','0:0:0:0:0:0:0:1',TIMESTAMP '2019-11-22 17:54:08.388069','1','0','0:0:0:0:0:0:0:1','/api/fw/','G','fw',17,'N','N','N',NULL,NULL)
,(143,0,'서버 사용량 내역','서버 사용량 내역','Y','/clovirsm/monitor/useHistory/index.jsp',NULL,NULL,NULL,NULL,TIMESTAMP '2019-11-27 16:24:26.001408','1','0','0:0:0:0:0:0:0:1','/api/use_history/',NULL,'vmHistory',NULL,'N','N','N',NULL,NULL)
,(146,0,'접근제어 작업','방화벽관리','N','/clovirsm/admin/fwMng/index.jsp',TIMESTAMP '2016-01-29 16:37:44.000000','3','0','0:0:0:0:0:0:0:1',TIMESTAMP '2019-11-21 17:09:25.674980','1','0','0:0:0:0:0:0:0:1','/api/fw_mng/','G','fwMng4Vm',17,'N','N','N',NULL,NULL)
,(162,0,'라이센스현황',NULL,'Y','/clovirsm/stat/license.jsp',TIMESTAMP '2019-05-09 10:26:39.143553','1','0','0:0:0:0:0:0:0:1',NULL,NULL,NULL,NULL,NULL,NULL,NULL,NULL,NULL,NULL,NULL,NULL,NULL)
,(148,0,'장기간 미사용 서버','장기간 미사용 서버','N','/clovirsm/admin/notusevm/index.jsp',TIMESTAMP '2016-01-29 16:37:44.000000','3','0','0:0:0:0:0:0:0:1',TIMESTAMP '2019-11-21 17:09:50.299341','1','0','0:0:0:0:0:0:0:1','/api/not_use_vm/','G','notusevm',17,'N','N','N',NULL,NULL)
;
INSERT INTO FM_PRGM (PRGM_ID,SYSTEM_CODE,PRGM_NM,PRGM_DESC,USE_YN,PRGM_PATH,INS_TMS,INS_PGM,INS_ID,INS_IP,UPD_TMS,UPD_PGM,UPD_ID,UPD_IP,PKG_NM,QUERY_GEN_KUBUN,PAGE_ID,TMPL_ID,INTERNAL_ONLY,MOBILE_YN,COMMON_YN,MANUAL_PATH,PROCEDURE_SCHEMA) VALUES 
(149,0,'그룹별월별요금조회','그룹별월별요금조회','Y','/clovirsm/admin/mmState/index.jsp',TIMESTAMP '2016-01-29 16:37:44.000000','3','0','0:0:0:0:0:0:0:1',TIMESTAMP '2016-02-05 11:25:02.000000','3','0','0:0:0:0:0:0:0:1','/api/mmpay/','G','mmStat4adm',17,'N','N','N',NULL,NULL)
,(150,0,'서버생성요청','서버생성요청','Y','/clovirsm/resources/reqVm/index.jsp',TIMESTAMP '2016-01-29 16:37:44.000000','3','0','0:0:0:0:0:0:0:1',TIMESTAMP '2019-01-21 17:26:38.152010','1','0','1.220.213.141','/api/vm/','G','newVM',17,'N','N','N',NULL,NULL)
,(151,0,'VRA카탈로그관리','VRA카탈로그관리','Y','/clovirsm/admin/vraMng/index.jsp',TIMESTAMP '2016-01-29 16:37:44.000000','3','0','0:0:0:0:0:0:0:1',TIMESTAMP '2019-11-22 17:56:15.983813','1','0','0:0:0:0:0:0:0:1','/api/vra_catalog_mng/','G','vracatalogMng',17,'N','N','N',NULL,NULL)
,(152,0,'배포현황','VRA카탈로그목록','Y','/clovirsm/resources/vra/index.jsp',TIMESTAMP '2016-01-29 16:37:44.000000','3','0','0:0:0:0:0:0:0:1',TIMESTAMP '2019-11-22 18:00:27.643153','1','0','0:0:0:0:0:0:0:1','/api/vra_catalog/','G','vracatalog',17,'N','N','N',NULL,NULL)
,(153,0,'VRA카탈로그 생성요청','VRA카탈로그요청','Y','/clovirsm/resources/vra/newVra/index.jsp',TIMESTAMP '2016-01-29 16:37:44.000000','3','0','0:0:0:0:0:0:0:1',TIMESTAMP '2019-01-30 15:21:28.984939','1','0','0:0:0:0:0:0:0:1','/api/vra_catalog/','G','vracatalog',17,'N','N','N',NULL,NULL)
,(154,0,'라이센스조회','라이센스조회','Y','/clovirsm/admin/license/index.jsp',TIMESTAMP '2016-01-29 16:37:44.000000','3','0','0:0:0:0:0:0:0:1',TIMESTAMP '2019-01-22 17:46:49.590433','1','0','0:0:0:0:0:0:0:1','/api/license/','G','license',17,'N','N','N',NULL,NULL)
,(158,0,'IP현황',NULL,'Y','/clovirsm/admin/ipList/index.jsp',TIMESTAMP '2019-04-15 16:18:06.113551','1','0','0:0:0:0:0:0:0:1',NULL,NULL,NULL,NULL,'/api/ip/',NULL,NULL,NULL,NULL,NULL,NULL,NULL,NULL)
,(159,0,'IP예약',NULL,'N','/clovirsm/admin/ipReserve/index.jsp',TIMESTAMP '2019-04-15 16:19:47.905347','1','0','0:0:0:0:0:0:0:1',TIMESTAMP '2019-11-22 17:56:52.502272','1','0','0:0:0:0:0:0:0:1','/api/ip/',NULL,NULL,NULL,NULL,NULL,NULL,NULL,NULL)
,(163,0,'데이터센터현황',NULL,'Y','/clovirsm/stat/dc.jsp',TIMESTAMP '2019-05-09 10:27:02.909146','1','0','0:0:0:0:0:0:0:1',NULL,NULL,NULL,NULL,NULL,NULL,NULL,NULL,NULL,NULL,NULL,NULL,NULL)
,(164,0,'템플릿현황',NULL,'N','/clovirsm/stat/template.jsp',TIMESTAMP '2019-05-09 10:27:23.313838','1','0','0:0:0:0:0:0:0:1',TIMESTAMP '2019-12-03 17:26:45.951026','1','0','0:0:0:0:0:0:0:1',NULL,NULL,NULL,NULL,NULL,NULL,NULL,NULL,NULL)
;
INSERT INTO FM_PRGM (PRGM_ID,SYSTEM_CODE,PRGM_NM,PRGM_DESC,USE_YN,PRGM_PATH,INS_TMS,INS_PGM,INS_ID,INS_IP,UPD_TMS,UPD_PGM,UPD_ID,UPD_IP,PKG_NM,QUERY_GEN_KUBUN,PAGE_ID,TMPL_ID,INTERNAL_ONLY,MOBILE_YN,COMMON_YN,MANUAL_PATH,PROCEDURE_SCHEMA) VALUES 
(157,0,'사양 설정',NULL,'N','/clovirsm/admin/specSetting/index.jsp',TIMESTAMP '2019-04-09 10:41:01.423960','1','0','0:0:0:0:0:0:0:1',TIMESTAMP '2019-11-21 17:10:20.658644','1','0','0:0:0:0:0:0:0:1','/api/spec_setting/',NULL,NULL,NULL,NULL,NULL,NULL,NULL,NULL)
,(103,0,'표준템플릿관리','표준템플릿 관리','Y','/clovirsm/admin/vra/ostypeMng/index.jsp',TIMESTAMP '2016-01-06 15:12:05.000000','3','0','0:0:0:0:0:0:0:1',TIMESTAMP '2019-11-21 17:11:51.395756','1','0','0:0:0:0:0:0:0:1','/api/ostype/list','G','osTypeMng',17,'N','N','N',NULL,NULL)
,(155,0,'디스크 종류 관리','디스크 타입관리','N','/clovirsm/admin/vra/diskTypeMng/index.jsp',TIMESTAMP '2016-01-29 16:37:44.000000','3','0','0:0:0:0:0:0:0:1',TIMESTAMP '2019-11-27 17:16:36.335754','1','0','0:0:0:0:0:0:0:1','/api/disk_type_mng/','G','diskTypeMng',17,'N','N','N',NULL,NULL)
,(161,0,'VM현황',NULL,'Y','/clovirsm/stat/vm.jsp',TIMESTAMP '2019-05-08 14:34:34.027724','1','0','0:0:0:0:0:0:0:1',NULL,NULL,NULL,NULL,NULL,NULL,NULL,NULL,NULL,NULL,NULL,NULL,NULL)
,(96,0,'서버 생성 요청','서버 생성 요청','Y','/clovirsm/resources/vra/newVra/index.jsp',TIMESTAMP '2015-12-28 15:40:25.000000','3','0','0:0:0:0:0:0:0:1',TIMESTAMP '2019-11-22 17:53:37.817731','1','0','0:0:0:0:0:0:0:1',NULL,'G','works',19,'N','N','N',NULL,NULL)
,(166,0,'서비스관리',NULL,'Y','/clovirsm/admin/category/index.jsp',NULL,NULL,'0',NULL,TIMESTAMP '2019-11-22 17:57:03.376738','1','0','0:0:0:0:0:0:0:1','/api/sw/','G','vm',NULL,'N','N','N',NULL,NULL)
;INSERT INTO FM_ROLE (ROLE_ID,ROLE_NM,ROLE_DESC,INS_TMS,INS_PGM,INS_ID,INS_IP,UPD_TMS,UPD_PGM,UPD_ID,UPD_IP) VALUES 
('1','ROLE_SUPER_ADMIN','시스템 관리자',TIMESTAMP '2015-06-18 13:38:59.000000',NULL,NULL,NULL,TIMESTAMP '2015-12-22 11:01:25.000000','43','fliconz','0:0:0:0:0:0:0:1')
,('15','ROLE_ANONYMOUS','익명 사용자(게스트)',TIMESTAMP '2015-07-23 14:56:38.000000',NULL,NULL,NULL,TIMESTAMP '2019-04-15 11:30:39.000000','1','fliconz','0:0:0:0:0:0:0:1')
,('18','ROLE_GRP_MEMBER','그룹사용자',TIMESTAMP '2015-12-18 11:42:20.000000','43','fliconz','0:0:0:0:0:0:0:1',TIMESTAMP '2019-12-03 17:40:28.000000','1','0','0:0:0:0:0:0:0:1')
,('19','ROLE_PORTAL_MANAGER','포탈 관리자',TIMESTAMP '2016-01-07 10:12:11.000000','43','fliconz','0:0:0:0:0:0:0:1',TIMESTAMP '2019-12-03 17:41:27.000000','1','0','0:0:0:0:0:0:0:1')
,('21','ROLE_GRP_MANAGER','그룹 관리자',TIMESTAMP '2016-01-08 17:02:50.000000','43','fliconz','0:0:0:0:0:0:0:1',TIMESTAMP '2019-07-05 10:40:54.000000','1','0','0:0:0:0:0:0:0:1')
;INSERT INTO FM_ROLE_PRGM (PRGM_ID,ROLE_ID,SELECT_YN,UPDATE_YN,DELETE_YN,INSERT_YN,PRINT_YN,INS_TMS,INS_PGM,INS_ID,INS_IP,UPD_TMS,UPD_PGM,UPD_ID,UPD_IP) VALUES 
(93,'21','Y','Y','Y','Y','Y',TIMESTAMP '2019-07-05 10:40:54.000000','1','0','0:0:0:0:0:0:0:1',NULL,NULL,NULL,NULL)
,(111,'21','Y','Y','Y','Y','Y',TIMESTAMP '2019-07-05 10:40:54.000000','1','0','0:0:0:0:0:0:0:1',NULL,NULL,NULL,NULL)
,(133,'21','Y','Y','Y','Y','Y',TIMESTAMP '2019-07-05 10:40:54.000000','1','0','0:0:0:0:0:0:0:1',NULL,NULL,NULL,NULL)
,(139,'21','Y','Y','Y','Y','Y',TIMESTAMP '2019-07-05 10:40:54.000000','1','0','0:0:0:0:0:0:0:1',NULL,NULL,NULL,NULL)
,(42,'19','Y','Y','Y','Y','Y',TIMESTAMP '2019-12-03 17:41:27.000000','1','0','0:0:0:0:0:0:0:1',NULL,NULL,NULL,NULL)
,(43,'19','Y','Y','Y','Y','Y',TIMESTAMP '2019-12-03 17:41:27.000000','1','0','0:0:0:0:0:0:0:1',NULL,NULL,NULL,NULL)
,(66,'19','Y','Y','Y','Y','Y',TIMESTAMP '2019-12-03 17:41:27.000000','1','0','0:0:0:0:0:0:0:1',NULL,NULL,NULL,NULL)
,(88,'19','Y','Y','Y','Y','Y',TIMESTAMP '2019-12-03 17:41:27.000000','1','0','0:0:0:0:0:0:0:1',NULL,NULL,NULL,NULL)
,(92,'19','Y','Y','Y','Y','Y',TIMESTAMP '2019-12-03 17:41:27.000000','1','0','0:0:0:0:0:0:0:1',NULL,NULL,NULL,NULL)
,(93,'19','Y','Y','Y','Y','Y',TIMESTAMP '2019-12-03 17:41:27.000000','1','0','0:0:0:0:0:0:0:1',NULL,NULL,NULL,NULL)
;
INSERT INTO FM_ROLE_PRGM (PRGM_ID,ROLE_ID,SELECT_YN,UPDATE_YN,DELETE_YN,INSERT_YN,PRINT_YN,INS_TMS,INS_PGM,INS_ID,INS_IP,UPD_TMS,UPD_PGM,UPD_ID,UPD_IP) VALUES 
(94,'19','Y','Y','Y','Y','Y',TIMESTAMP '2019-12-03 17:41:27.000000','1','0','0:0:0:0:0:0:0:1',NULL,NULL,NULL,NULL)
,(95,'19','Y','Y','Y','Y','Y',TIMESTAMP '2019-12-03 17:41:27.000000','1','0','0:0:0:0:0:0:0:1',NULL,NULL,NULL,NULL)
,(101,'19','Y','Y','Y','Y','Y',TIMESTAMP '2019-12-03 17:41:27.000000','1','0','0:0:0:0:0:0:0:1',NULL,NULL,NULL,NULL)
,(102,'19','Y','Y','Y','Y','Y',TIMESTAMP '2019-12-03 17:41:27.000000','1','0','0:0:0:0:0:0:0:1',NULL,NULL,NULL,NULL)
,(104,'19','Y','Y','Y','Y','Y',TIMESTAMP '2019-12-03 17:41:27.000000','1','0','0:0:0:0:0:0:0:1',NULL,NULL,NULL,NULL)
,(106,'19','Y','Y','Y','Y','Y',TIMESTAMP '2019-12-03 17:41:27.000000','1','0','0:0:0:0:0:0:0:1',NULL,NULL,NULL,NULL)
,(111,'19','Y','Y','Y','Y','Y',TIMESTAMP '2019-12-03 17:41:27.000000','1','0','0:0:0:0:0:0:0:1',NULL,NULL,NULL,NULL)
,(112,'19','Y','Y','Y','Y','Y',TIMESTAMP '2019-12-03 17:41:27.000000','1','0','0:0:0:0:0:0:0:1',NULL,NULL,NULL,NULL)
,(118,'19','Y','Y','Y','Y','Y',TIMESTAMP '2019-12-03 17:41:27.000000','1','0','0:0:0:0:0:0:0:1',NULL,NULL,NULL,NULL)
,(119,'19','Y','Y','Y','Y','Y',TIMESTAMP '2019-12-03 17:41:27.000000','1','0','0:0:0:0:0:0:0:1',NULL,NULL,NULL,NULL)
;
INSERT INTO FM_ROLE_PRGM (PRGM_ID,ROLE_ID,SELECT_YN,UPDATE_YN,DELETE_YN,INSERT_YN,PRINT_YN,INS_TMS,INS_PGM,INS_ID,INS_IP,UPD_TMS,UPD_PGM,UPD_ID,UPD_IP) VALUES 
(122,'19','Y','Y','Y','Y','Y',TIMESTAMP '2019-12-03 17:41:27.000000','1','0','0:0:0:0:0:0:0:1',NULL,NULL,NULL,NULL)
,(123,'19','Y','Y','Y','Y','Y',TIMESTAMP '2019-12-03 17:41:27.000000','1','0','0:0:0:0:0:0:0:1',NULL,NULL,NULL,NULL)
,(125,'19','Y','Y','Y','Y','Y',TIMESTAMP '2019-12-03 17:41:27.000000','1','0','0:0:0:0:0:0:0:1',NULL,NULL,NULL,NULL)
,(127,'19','Y','Y','Y','Y','Y',TIMESTAMP '2019-12-03 17:41:27.000000','1','0','0:0:0:0:0:0:0:1',NULL,NULL,NULL,NULL)
,(133,'19','Y','Y','Y','Y','Y',TIMESTAMP '2019-12-03 17:41:27.000000','1','0','0:0:0:0:0:0:0:1',NULL,NULL,NULL,NULL)
,(139,'19','Y','Y','Y','Y','Y',TIMESTAMP '2019-12-03 17:41:27.000000','1','0','0:0:0:0:0:0:0:1',NULL,NULL,NULL,NULL)
,(141,'19','Y','Y','Y','Y','Y',TIMESTAMP '2019-12-03 17:41:27.000000','1','0','0:0:0:0:0:0:0:1',NULL,NULL,NULL,NULL)
,(142,'19','Y','Y','Y','Y','Y',TIMESTAMP '2019-12-03 17:41:27.000000','1','0','0:0:0:0:0:0:0:1',NULL,NULL,NULL,NULL)
,(143,'19','Y','Y','Y','Y','Y',TIMESTAMP '2019-12-03 17:41:27.000000','1','0','0:0:0:0:0:0:0:1',NULL,NULL,NULL,NULL)
,(146,'19','Y','Y','Y','Y','Y',TIMESTAMP '2019-12-03 17:41:27.000000','1','0','0:0:0:0:0:0:0:1',NULL,NULL,NULL,NULL)
;
INSERT INTO FM_ROLE_PRGM (PRGM_ID,ROLE_ID,SELECT_YN,UPDATE_YN,DELETE_YN,INSERT_YN,PRINT_YN,INS_TMS,INS_PGM,INS_ID,INS_IP,UPD_TMS,UPD_PGM,UPD_ID,UPD_IP) VALUES 
(148,'19','Y','Y','Y','Y','Y',TIMESTAMP '2019-12-03 17:41:27.000000','1','0','0:0:0:0:0:0:0:1',NULL,NULL,NULL,NULL)
,(149,'19','Y','Y','Y','Y','Y',TIMESTAMP '2019-12-03 17:41:27.000000','1','0','0:0:0:0:0:0:0:1',NULL,NULL,NULL,NULL)
,(150,'19','Y','Y','Y','Y','Y',TIMESTAMP '2019-12-03 17:41:27.000000','1','0','0:0:0:0:0:0:0:1',NULL,NULL,NULL,NULL)
,(151,'19','Y','Y','Y','Y','Y',TIMESTAMP '2019-12-03 17:41:27.000000','1','0','0:0:0:0:0:0:0:1',NULL,NULL,NULL,NULL)
,(152,'19','Y','Y','Y','Y','Y',TIMESTAMP '2019-12-03 17:41:27.000000','1','0','0:0:0:0:0:0:0:1',NULL,NULL,NULL,NULL)
,(153,'19','Y','Y','Y','Y','Y',TIMESTAMP '2019-12-03 17:41:27.000000','1','0','0:0:0:0:0:0:0:1',NULL,NULL,NULL,NULL)
,(154,'19','Y','Y','Y','Y','Y',TIMESTAMP '2019-12-03 17:41:27.000000','1','0','0:0:0:0:0:0:0:1',NULL,NULL,NULL,NULL)
,(155,'19','Y','Y','Y','Y','Y',TIMESTAMP '2019-12-03 17:41:27.000000','1','0','0:0:0:0:0:0:0:1',NULL,NULL,NULL,NULL)
,(156,'19','Y','Y','Y','Y','Y',TIMESTAMP '2019-12-03 17:41:27.000000','1','0','0:0:0:0:0:0:0:1',NULL,NULL,NULL,NULL)
,(157,'19','Y','Y','Y','Y','Y',TIMESTAMP '2019-12-03 17:41:27.000000','1','0','0:0:0:0:0:0:0:1',NULL,NULL,NULL,NULL)
;
INSERT INTO FM_ROLE_PRGM (PRGM_ID,ROLE_ID,SELECT_YN,UPDATE_YN,DELETE_YN,INSERT_YN,PRINT_YN,INS_TMS,INS_PGM,INS_ID,INS_IP,UPD_TMS,UPD_PGM,UPD_ID,UPD_IP) VALUES 
(158,'19','Y','Y','Y','Y','Y',TIMESTAMP '2019-12-03 17:41:27.000000','1','0','0:0:0:0:0:0:0:1',NULL,NULL,NULL,NULL)
,(159,'19','Y','Y','Y','Y','Y',TIMESTAMP '2019-12-03 17:41:27.000000','1','0','0:0:0:0:0:0:0:1',NULL,NULL,NULL,NULL)
,(160,'19','Y','Y','Y','Y','Y',TIMESTAMP '2019-12-03 17:41:27.000000','1','0','0:0:0:0:0:0:0:1',NULL,NULL,NULL,NULL)
,(161,'19','Y','Y','Y','Y','Y',TIMESTAMP '2019-12-03 17:41:27.000000','1','0','0:0:0:0:0:0:0:1',NULL,NULL,NULL,NULL)
,(162,'19','Y','Y','Y','Y','Y',TIMESTAMP '2019-12-03 17:41:27.000000','1','0','0:0:0:0:0:0:0:1',NULL,NULL,NULL,NULL)
,(163,'19','Y','Y','Y','Y','Y',TIMESTAMP '2019-12-03 17:41:27.000000','1','0','0:0:0:0:0:0:0:1',NULL,NULL,NULL,NULL)
,(164,'19','Y','Y','Y','Y','Y',TIMESTAMP '2019-12-03 17:41:27.000000','1','0','0:0:0:0:0:0:0:1',NULL,NULL,NULL,NULL)
,(96,'19','Y','Y','Y','Y','Y',TIMESTAMP '2019-12-03 17:41:27.000000','1','0','0:0:0:0:0:0:0:1',NULL,NULL,NULL,NULL)
,(46,'19','Y','Y','Y','Y','Y',TIMESTAMP '2019-12-03 17:41:27.000000','1','0','0:0:0:0:0:0:0:1',NULL,NULL,NULL,NULL)
,(22,'19','Y','Y','Y','Y','Y',TIMESTAMP '2019-12-03 17:41:27.000000','1','0','0:0:0:0:0:0:0:1',NULL,NULL,NULL,NULL)
;
INSERT INTO FM_ROLE_PRGM (PRGM_ID,ROLE_ID,SELECT_YN,UPDATE_YN,DELETE_YN,INSERT_YN,PRINT_YN,INS_TMS,INS_PGM,INS_ID,INS_IP,UPD_TMS,UPD_PGM,UPD_ID,UPD_IP) VALUES 
(103,'19','Y','Y','Y','Y','Y',TIMESTAMP '2019-12-03 17:41:27.000000','1','0','0:0:0:0:0:0:0:1',NULL,NULL,NULL,NULL)
,(37,'19','Y','Y','Y','Y','Y',TIMESTAMP '2019-12-03 17:41:27.000000','1','0','0:0:0:0:0:0:0:1',NULL,NULL,NULL,NULL)
,(165,'19','Y','Y','Y','Y','Y',TIMESTAMP '2019-12-03 17:41:27.000000','1','0','0:0:0:0:0:0:0:1',NULL,NULL,NULL,NULL)
,(166,'19','Y','Y','Y','Y','Y',TIMESTAMP '2019-12-03 17:41:27.000000','1','0','0:0:0:0:0:0:0:1',NULL,NULL,NULL,NULL)
,(46,'18','Y','N','N','N','Y',TIMESTAMP '2019-12-03 17:40:28.000000','1','0','0:0:0:0:0:0:0:1',NULL,NULL,NULL,NULL)
,(88,'18','Y','Y','Y','Y','Y',TIMESTAMP '2019-12-03 17:40:28.000000','1','0','0:0:0:0:0:0:0:1',NULL,NULL,NULL,NULL)
,(94,'18','Y','Y','Y','Y','Y',TIMESTAMP '2019-12-03 17:40:28.000000','1','0','0:0:0:0:0:0:0:1',NULL,NULL,NULL,NULL)
,(95,'18','Y','Y','Y','Y','Y',TIMESTAMP '2019-12-03 17:40:28.000000','1','0','0:0:0:0:0:0:0:1',NULL,NULL,NULL,NULL)
,(112,'18','Y','Y','Y','Y','Y',TIMESTAMP '2019-12-03 17:40:28.000000','1','0','0:0:0:0:0:0:0:1',NULL,NULL,NULL,NULL)
,(122,'18','Y','Y','Y','Y','Y',TIMESTAMP '2019-12-03 17:40:28.000000','1','0','0:0:0:0:0:0:0:1',NULL,NULL,NULL,NULL)
;
INSERT INTO FM_ROLE_PRGM (PRGM_ID,ROLE_ID,SELECT_YN,UPDATE_YN,DELETE_YN,INSERT_YN,PRINT_YN,INS_TMS,INS_PGM,INS_ID,INS_IP,UPD_TMS,UPD_PGM,UPD_ID,UPD_IP) VALUES 
(143,'18','Y','Y','Y','Y','Y',TIMESTAMP '2019-12-03 17:40:28.000000','1','0','0:0:0:0:0:0:0:1',NULL,NULL,NULL,NULL)
,(152,'18','Y','Y','Y','Y','Y',TIMESTAMP '2019-12-03 17:40:28.000000','1','0','0:0:0:0:0:0:0:1',NULL,NULL,NULL,NULL)
,(153,'18','Y','Y','Y','Y','Y',TIMESTAMP '2019-12-03 17:40:28.000000','1','0','0:0:0:0:0:0:0:1',NULL,NULL,NULL,NULL)
,(96,'18','Y','Y','Y','Y','Y',TIMESTAMP '2019-12-03 17:40:28.000000','1','0','0:0:0:0:0:0:0:1',NULL,NULL,NULL,NULL)
,(145,'18','Y','Y','Y','Y','Y',TIMESTAMP '2019-12-03 17:40:28.000000','1','0','0:0:0:0:0:0:0:1',NULL,NULL,NULL,NULL)
,(145,'19','Y','Y','Y','Y','Y',TIMESTAMP '2019-12-03 17:41:27.000000','1','0','0:0:0:0:0:0:0:1',NULL,NULL,NULL,NULL)
,(167,'19','Y','Y','Y','Y','Y',TIMESTAMP '2019-12-03 17:41:27.000000','1','0','0:0:0:0:0:0:0:1',NULL,NULL,NULL,NULL)
;INSERT INTO FM_TEAM (TEAM_CD,COMP_ID,TEAM_NM,USE_YN,TEAM_OWNER,PARENT_CD,INS_TMS,INS_PGM,INS_ID,INS_IP,UPD_TMS,UPD_PGM,UPD_ID,UPD_IP,ETC_CD) VALUES 
('1','102216547406718','협력사','Y',NULL,'0',TIMESTAMP '2018-10-19 11:07:15.669000','89','8','0:0:0:0:0:0:0:1',TIMESTAMP '2019-05-20 14:26:03.033000',NULL,NULL,NULL,'CU')
;INSERT INTO FM_USER (LOGIN_ID,USER_ID,PASSWORD,USER_NAME,OFFICE_NO,MOBILE_NO,EMAIL,TEAM_CD,USE_YN,USER_TYPE,LOCALE,LAST_ACCESS_TMS,PWD_CHANGE_TMS,LAST_LOGIN_IP,ACC_LOGIN_CNT,AUTH_FAIL,INS_TMS,INS_PGM,INS_ID,INS_IP,UPD_TMS,UPD_PGM,UPD_ID,UPD_IP,"POSITION") VALUES 
('test12345',29,'Mr2dBBb9imFV0QqDqzvxGg==','test12345',NULL,NULL,'gTMlR2xCWqSMVlWluj/lfGNDcw==
','1','N','18','ko',TIMESTAMP '2019-01-25 16:08:44.000000',TIMESTAMP '2019-06-20 10:52:45.000000','0:0:0:0:0:0:0:1',1,0,TIMESTAMP '2019-01-25 16:07:50.780000','1','0','0:0:0:0:0:0:0:1',NULL,NULL,NULL,NULL,NULL)
,('zookeeper',30,'5YrsEFW79zFduWcIcsjZ4g==','Zookeeper',NULL,NULL,'hjM5SjIfB/veVk+hvy6mYDMYKw==
','1','N','18','ko',NULL,TIMESTAMP '2019-06-20 10:52:45.000000',NULL,0,NULL,TIMESTAMP '2019-04-26 11:36:28.305000','1','8','0:0:0:0:0:0:0:1',NULL,NULL,NULL,NULL,NULL)
,('11',32,'9Vv2AGkGcBo=','www',NULL,NULL,'qwqq','99999','Y','18','ko',TIMESTAMP '2019-07-10 09:36:49.000000',TIMESTAMP '2019-06-20 10:52:45.000000','0:0:0:0:0:0:0:1',1,0,TIMESTAMP '2019-05-20 23:07:31.189000',NULL,NULL,NULL,TIMESTAMP '2019-05-20 23:23:31.178000',NULL,NULL,NULL,NULL)
,('333',33,'M9ez3C/2bQ8=','99999',NULL,NULL,'33333','99999','Y','18','ko',TIMESTAMP '2019-07-10 09:37:00.000000',TIMESTAMP '2019-06-20 10:52:45.000000','0:0:0:0:0:0:0:1',1,0,TIMESTAMP '2019-05-20 23:23:09.307000',NULL,NULL,NULL,TIMESTAMP '2019-05-20 23:23:31.178000',NULL,NULL,NULL,NULL)
,('22',31,'IlYuzWy2wnA=','qq',NULL,NULL,'www','88888','Y','18','ko',NULL,TIMESTAMP '2019-06-20 10:52:45.000000',NULL,0,NULL,TIMESTAMP '2019-05-20 23:07:31.189000',NULL,NULL,NULL,TIMESTAMP '2019-05-20 23:23:31.178000',NULL,NULL,NULL,NULL)
,('4444',34,'IvxuWC/IATc=','44444',NULL,NULL,'444','99999','Y','18','ko',NULL,TIMESTAMP '2019-06-20 10:52:45.000000',NULL,0,NULL,TIMESTAMP '2019-05-20 23:23:09.307000',NULL,NULL,NULL,TIMESTAMP '2019-05-20 23:23:31.178000',NULL,NULL,NULL,NULL)
,('fliconz',0,'fOi8wSFEcS/PX9dMLfJekw==','시스템 관리자','0303-999-2222','xWdmHm9BWaCUJxDx/w==
','hi89c2wRBuDceA+jpiY=
','1','Y','1','ko',TIMESTAMP '2019-12-16 13:22:32.000000',TIMESTAMP '2019-12-04 09:59:07.135356','0:0:0:0:0:0:0:1',3420,0,TIMESTAMP '2015-12-08 09:52:40.000000',NULL,NULL,NULL,TIMESTAMP '2019-04-17 14:45:15.070000','1','0','20.20.0.98','부장')
,('wlstp00@test.com',1,'B4Tme9rZ+LBT/WKcHOUrhw==','개발자','02-111-1111','xWdmHmxCWKKUJxPx+w==
','hjM5SjIfB/veVk+hvy6mYDMYKw==
','1','Y','21','ko',TIMESTAMP '2019-07-05 10:33:33.000000',TIMESTAMP '2019-06-13 09:32:47.664679','0:0:0:0:0:0:0:1',42,0,TIMESTAMP '2015-12-18 13:21:08.000000',NULL,NULL,NULL,TIMESTAMP '2019-04-17 09:47:36.670000','1','0','0:0:0:0:0:0:0:1','사원')
,('wlstp01@test.com',2,'1tKveoEXS+s=','사용자','063-8888-8888','xWdmHmRJUKmULxj58A==
','gjolRy1AWdDdd1St5yWxOg==
','1','Y','18','ko',TIMESTAMP '2018-08-07 09:28:36.000000',TIMESTAMP '2019-06-20 10:52:45.000000','1.220.213.141',12,0,TIMESTAMP '2015-12-18 15:48:44.000000',NULL,NULL,NULL,TIMESTAMP '2016-02-29 16:44:20.000000','89','0','0:0:0:0:0:0:0:1','사원')
,('wlstp00@gmail.com',4,'maVZS8SIsc8=','김진세','02-1234-1234','xWdmHmxCWKKUJxPx+w==
','gjolRy1AWdDee0CppWW3IT0=
','1','Y','19','ko',TIMESTAMP '2018-11-20 17:39:44.000000',TIMESTAMP '2019-06-20 10:52:45.000000','0:0:0:0:0:0:0:1',20,0,TIMESTAMP '2015-12-22 12:20:46.000000',NULL,NULL,'0:0:0:0:0:0:0:1',TIMESTAMP '2016-02-29 16:44:11.000000','89','0','0:0:0:0:0:0:0:1','사원')
;
INSERT INTO FM_USER (LOGIN_ID,USER_ID,PASSWORD,USER_NAME,OFFICE_NO,MOBILE_NO,EMAIL,TEAM_CD,USE_YN,USER_TYPE,LOCALE,LAST_ACCESS_TMS,PWD_CHANGE_TMS,LAST_LOGIN_IP,ACC_LOGIN_CNT,AUTH_FAIL,INS_TMS,INS_PGM,INS_ID,INS_IP,UPD_TMS,UPD_PGM,UPD_ID,UPD_IP,"POSITION") VALUES 
('secrain2@naver.com',5,'bIPn+84kQbekzrzcN6AYKtHZhjCszHue','김성욱2','02-1234-5678','xWdmHmxCWKKUJxPx+w==
','hjM5SjIfB/veVk+hvy6mYDMYKw==
','12','N','18','ko',TIMESTAMP '2016-02-05 11:21:24.000000',TIMESTAMP '2019-06-20 10:52:45.000000','0:0:0:0:0:0:0:1',53,0,TIMESTAMP '2015-12-22 12:22:39.000000',NULL,NULL,'0:0:0:0:0:0:0:1',TIMESTAMP '2015-12-28 13:37:05.000000','89','0','0:0:0:0:0:0:0:1','사원')
,('secrain842@gmail.com',6,'EDxpzddrknFzDbriLRi1Ap7vlDY6haHx','김성욱','02-123-4564','xWdmHmxCWKKUJxPx+w==
','hjM1QTwZB6iNJGGnpCq9In4UKTA=
','1','Y','19','ko',TIMESTAMP '2018-10-16 10:07:40.000000',TIMESTAMP '2019-06-20 10:52:45.000000','0:0:0:0:0:0:0:1',78,0,TIMESTAMP '2015-12-30 11:27:12.000000',NULL,NULL,'0:0:0:0:0:0:0:1',TIMESTAMP '2016-03-16 17:08:00.000000','89','10','0:0:0:0:0:0:0:1','사원')
,('portal@naver.com',8,'xok8+g+HxBRFDfktUFiVJQ==','포탈관리자',NULL,'xWdmHmxCWKKUJxPx+w==
','hjM5SjIfB/veVk+hvy6mYDMYKw==
','1','Y','19','ko',TIMESTAMP '2019-12-16 13:18:56.000000',TIMESTAMP '2019-12-05 23:29:13.529086','0:0:0:0:0:0:0:1',898,0,TIMESTAMP '2015-12-30 15:26:38.000000',NULL,NULL,'0:0:0:0:0:0:0:1',NULL,NULL,NULL,NULL,'사원')
,('org_grp@naver.com',10,'U+9ZN6MhQDzKJex8JoVoMQ==','조직관리자','02-111-2222','xWdmHmxBWKGUJxDx+A==
','miQxbDoCGdDXd1elu2W3IT0=
','1','Y','18','ko',TIMESTAMP '2019-05-31 16:33:49.000000',TIMESTAMP '2019-06-20 10:52:45.000000','0:0:0:0:0:0:0:1',53,0,TIMESTAMP '2016-02-12 11:53:56.000000',NULL,NULL,'0:0:0:0:0:0:0:1',TIMESTAMP '2018-08-17 10:04:59.313000','99','11','1.220.213.141','사원')
,('grp_adm@naver.com',11,'myFCwJNNdIEmZQkN7NIu2w==','그룹 관리자','02-1111-1111','xWdmHmxCWKKUJxPx+w==
','hjM5SjIfB/veVk+hvy6mYDMYKw==
','1','Y','21','ko',TIMESTAMP '2019-12-13 15:11:40.000000',TIMESTAMP '2019-11-28 14:55:26.037049','0:0:0:0:0:0:0:1',990,0,TIMESTAMP '2016-02-12 14:41:23.000000',NULL,NULL,'0:0:0:0:0:0:0:1',TIMESTAMP '2018-08-17 09:59:15.435000','99','11','1.220.213.141','과장')
,('grp_mem@naver.com',12,'LmMBXEQw646CisbumEmN9g==','그룹 멤버',NULL,'xWdmHmxCWKKUJxPx+w==
','hjM5SjIfB/veVk+hvy6mYDMYKw==
','1','Y','18','ko',TIMESTAMP '2019-12-11 17:31:59.000000',TIMESTAMP '2019-11-20 17:39:37.454951','0:0:0:0:0:0:0:1',408,0,TIMESTAMP '2016-02-12 17:17:06.000000',NULL,NULL,'0:0:0:0:0:0:0:1',TIMESTAMP '2016-02-22 17:43:51.000000','86','12','0:0:0:0:0:0:0:1','사원')
,('nwstaff@naver.com',13,'N0MYRnzRw1I=','네크워크관리자',NULL,'xWdmHmxCWKKUJxPx+w==
','hjM5SjIfB/veVk+hvy6mYDMYKw==
','1','Y','18','ko',TIMESTAMP '2016-03-11 15:16:32.000000',TIMESTAMP '2019-06-20 10:52:45.000000','0:0:0:0:0:0:0:1',43,0,TIMESTAMP '2016-02-12 17:30:11.000000',NULL,NULL,'0:0:0:0:0:0:0:1',TIMESTAMP '2016-02-17 11:11:47.000000','86','13','0:0:0:0:0:0:0:1','사원')
,('secrain3@naver.com',14,'TvkjdFMjLG6kzrzcN6AYKtHZhjCszHue','fliconz',NULL,'xWdmHmxBWKGUJxDx+A==
','hjM1QTwZB9DXd1elu2W3IT0=
','1','N','18','ko',TIMESTAMP '2016-03-09 17:35:42.000000',NULL,'0:0:0:0:0:0:0:1',9,0,TIMESTAMP '2016-02-15 15:25:26.000000',NULL,NULL,'0:0:0:0:0:0:0:1',NULL,NULL,NULL,NULL,'사원')
,('test1111@test21.com',15,'Jd5MTLXx5Fw=','123123','052-1234-1234','xWdmHmxCWqSUJxPz/Q==
','gTMlR2xBWKH5YkSzvXnlYDMYKw==
','1','N','18','ko',NULL,TIMESTAMP '2019-06-20 10:52:45.000000',NULL,0,0,TIMESTAMP '2016-02-18 14:03:05.000000',NULL,NULL,'0:0:0:0:0:0:0:1',NULL,NULL,NULL,NULL,'사원')
,('wlstp01@gmail.com',16,'1tKveoEXS+s=','test','02-2222-3333','xWdmHmxBWKGUJBPy+w==
','gjolRy1AWNDee0CppWW3IT0=
','1','N','18','ko',NULL,TIMESTAMP '2019-06-20 10:52:45.000000',NULL,0,0,TIMESTAMP '2016-02-18 17:35:01.000000',NULL,NULL,'0:0:0:0:0:0:0:1',NULL,NULL,NULL,NULL,'사원')
;
INSERT INTO FM_USER (LOGIN_ID,USER_ID,PASSWORD,USER_NAME,OFFICE_NO,MOBILE_NO,EMAIL,TEAM_CD,USE_YN,USER_TYPE,LOCALE,LAST_ACCESS_TMS,PWD_CHANGE_TMS,LAST_LOGIN_IP,ACC_LOGIN_CNT,AUTH_FAIL,INS_TMS,INS_PGM,INS_ID,INS_IP,UPD_TMS,UPD_PGM,UPD_ID,UPD_IP,"POSITION") VALUES 
('seoyoonkg@naver.com',17,'JeRGTVEQ9n5pWM1rstgGhQ==','syk',NULL,'xWdmHm1AWaCUJxDx+A==
','hjM5SjIfB/veVk+hvy6mYDMYKw==
','1','N','18','ko',TIMESTAMP '2019-01-29 13:54:48.000000',TIMESTAMP '2019-06-20 10:52:45.000000','0:0:0:0:0:0:0:1',6,0,TIMESTAMP '2016-02-22 16:48:10.000000',NULL,NULL,NULL,TIMESTAMP '2019-02-22 14:08:11.515000','1','0','0:0:0:0:0:0:0:1','사원')
,('secrain@naver.com',18,'qiBKkkwQvQA=','일아오픈',NULL,'xWdmHmVJXKeULxL48A==
','hjM1QTwZB9DXd1elu2W3IT0=
','1','N','18','ko',TIMESTAMP '2016-05-11 10:48:38.000000',TIMESTAMP '2019-06-20 10:52:45.000000','0:0:0:0:0:0:0:1',17,0,TIMESTAMP '2016-02-29 11:36:04.000000',NULL,NULL,NULL,NULL,NULL,NULL,NULL,'사원')
,('wlstp0011@gmail.com',19,'aYqnugAjamE=','빵두','02-3333-4444','2Hs=
','gjolRy1AWaGIVkatqCK4YDMYKw==
','1','N','18','ko',TIMESTAMP '2016-02-29 18:11:41.000000',TIMESTAMP '2019-06-20 10:52:45.000000','0:0:0:0:0:0:0:1',12,2,TIMESTAMP '2016-02-29 16:46:29.000000',NULL,NULL,NULL,TIMESTAMP '2016-02-29 18:05:55.000000','86','19','0:0:0:0:0:0:0:1','사원')
,('test01@test.com',21,'IreD0iv5Crg=','테스트01','02-1111-2222','xWdmHmxBWKGUJBPy+w==
','gTMlR21BKeTcZVXuqiS5
','1','N','18','ko',NULL,TIMESTAMP '2019-06-20 10:52:45.000000',NULL,0,0,TIMESTAMP '2016-05-11 09:49:21.000000',NULL,NULL,NULL,NULL,NULL,NULL,NULL,'사원')
,('test02@test.com',22,'lW7U8c42rjA=','테스트02','02-2222-2222','xWdmHmxBWKGUJBPy+w==
','gTMlR21CKeTcZVXuqiS5
','1','N','18','ko',NULL,TIMESTAMP '2019-06-20 10:52:45.000000',NULL,0,0,TIMESTAMP '2016-05-11 09:50:13.000000',NULL,NULL,NULL,NULL,NULL,NULL,NULL,'사원')
,('dev00@test.com',23,'r9N9AJBKjBA=','개발00','02-2222-2222','xWdmHmxBWKGUJBPy+w==
','kTMgA20wHfXKYg+jpiY=
','1','N','18','ko',NULL,TIMESTAMP '2019-06-20 10:52:45.000000',NULL,0,0,TIMESTAMP '2016-05-11 09:51:07.000000',NULL,NULL,NULL,TIMESTAMP '2019-01-18 15:29:05.509000','1','0','0:0:0:0:0:0:0:1','사원')
,('dev01@test.com',24,'r9N9AJBKjBA=','개발01','02-2222-2222','xWdmHmxBWKGUJBPy+w==
','kTMgA2wwHfXKYg+jpiY=
','1','N','18','ko',NULL,TIMESTAMP '2019-06-20 10:52:45.000000',NULL,0,0,TIMESTAMP '2016-05-11 09:51:53.000000',NULL,NULL,NULL,TIMESTAMP '2016-05-11 10:38:39.000000','89','25','0:0:0:0:0:0:0:1','사원')
,('comp00@test.com',25,'Wc3GuIOfDWmOhu/AT5RXRQ==','회사00','02-2222-2222','xWdmHmxBWKGUJBPy+w==
','ljk7Q21AKeTcZVXuqiS5
','1','N','18','ko',TIMESTAMP '2019-05-20 14:19:59.000000',TIMESTAMP '2019-06-20 10:52:45.000000','0:0:0:0:0:0:0:1',99,0,TIMESTAMP '2016-05-11 09:52:58.000000',NULL,NULL,NULL,NULL,NULL,NULL,NULL,'사원')
,('grouchy71@gmail.com',27,'khAZm2TwvqTFLaT/BnBAhWluMNy27vCQ','류원상',NULL,'xWdmHm9BWaCUJxDx/w==
','kiQ5Rj4YEKeIVmGnpCq9In4UKTA=
','1','N','21','ko',NULL,TIMESTAMP '2019-06-20 10:52:45.000000',NULL,0,0,TIMESTAMP '2018-08-27 10:22:13.855000',NULL,NULL,NULL,TIMESTAMP '2019-04-15 10:35:05.304000','1','0','0:0:0:0:0:0:0:1','사원')
,('testtest@test.com',28,'VB4t7lx5ozY=','test',NULL,'xWdmHmlEXaSUJBL0/A==
','mD87VjERUKj5cE25oCWzLT8ZMjhpOKLlCWPc
',NULL,'N','0','ko',NULL,TIMESTAMP '2019-06-20 10:52:45.000000',NULL,0,0,TIMESTAMP '2018-10-25 09:48:55.172000',NULL,NULL,NULL,NULL,NULL,NULL,NULL,NULL)
;